Date,Year,month,Reservoir A
31-Dec-17,2017,12,"192,770 "
01-Jan-18,2018,1,"193,200 "
02-Jan-18,2018,1,"193,720 "
03-Jan-18,2018,1,"194,090 "
04-Jan-18,2018,1,"194,780 "
05-Jan-18,2018,1,"195,360 "
06-Jan-18,2018,1,"196,210 "
07-Jan-18,2018,1,"197,470 "
08-Jan-18,2018,1,"197,280 "
09-Jan-18,2018,1,"197,580 "
10-Jan-18,2018,1,"196,450 "
11-Jan-18,2018,1,"195,320 "
12-Jan-18,2018,1,"194,130 "
13-Jan-18,2018,1,"192,750 "
14-Jan-18,2018,1,"191,230 "
15-Jan-18,2018,1,"189,260 "
16-Jan-18,2018,1,"187,880 "
17-Jan-18,2018,1,"186,680 "
18-Jan-18,2018,1,"185,420 "
19-Jan-18,2018,1,"183,910 "
20-Jan-18,2018,1,"182,000 "
21-Jan-18,2018,1,"181,250 "
22-Jan-18,2018,1,"180,840 "
23-Jan-18,2018,1,"180,630 "
24-Jan-18,2018,1,"180,590 "
25-Jan-18,2018,1,"180,630 "
26-Jan-18,2018,1,"180,730 "
27-Jan-18,2018,1,"180,630 "
28-Jan-18,2018,1,"181,020 "
29-Jan-18,2018,1,"181,420 "
30-Jan-18,2018,1,"181,660 "
31-Jan-18,2018,1,"181,850 "
01-Feb-18,2018,2,"182,140 "
02-Feb-18,2018,2,"182,240 "
03-Feb-18,2018,2,"182,160 "
04-Feb-18,2018,2,"181,960 "
05-Feb-18,2018,2,"181,620 "
06-Feb-18,2018,2,"181,520 "
07-Feb-18,2018,2,"181,350 "
08-Feb-18,2018,2,"181,210 "
09-Feb-18,2018,2,"181,150 "
10-Feb-18,2018,2,"180,920 "
11-Feb-18,2018,2,"181,330 "
12-Feb-18,2018,2,"181,890 "
13-Feb-18,2018,2,"182,270 "
14-Feb-18,2018,2,"182,390 "
15-Feb-18,2018,2,"182,560 "
16-Feb-18,2018,2,"182,910 "
17-Feb-18,2018,2,"183,160 "
18-Feb-18,2018,2,"183,260 "
19-Feb-18,2018,2,"183,600 "
20-Feb-18,2018,2,"183,910 "
21-Feb-18,2018,2,"184,140 "
22-Feb-18,2018,2,"184,390 "
23-Feb-18,2018,2,"184,620 "
24-Feb-18,2018,2,"184,980 "
25-Feb-18,2018,2,"185,230 "
26-Feb-18,2018,2,"185,590 "
27-Feb-18,2018,2,"185,710 "
28-Feb-18,2018,2,"185,800 "
01-Mar-18,2018,3,"185,960 "
02-Mar-18,2018,3,"186,660 "
03-Mar-18,2018,3,"187,230 "
04-Mar-18,2018,3,"187,670 "
05-Mar-18,2018,3,"188,330 "
06-Mar-18,2018,3,"189,100 "
07-Mar-18,2018,3,"189,730 "
08-Mar-18,2018,3,"190,050 "
09-Mar-18,2018,3,"190,220 "
10-Mar-18,2018,3,"190,370 "
11-Mar-18,2018,3,"190,500 "
12-Mar-18,2018,3,"190,570 "
13-Mar-18,2018,3,"190,860 "
14-Mar-18,2018,3,"192,360 "
15-Mar-18,2018,3,"192,320 "
16-Mar-18,2018,3,"192,950 "
17-Mar-18,2018,3,"193,330 "
18-Mar-18,2018,3,"193,080 "
19-Mar-18,2018,3,"191,870 "
20-Mar-18,2018,3,"190,500 "
21-Mar-18,2018,3,"190,370 "
22-Mar-18,2018,3,"202,810 "
23-Mar-18,2018,3,"204,290 "
24-Mar-18,2018,3,"203,910 "
25-Mar-18,2018,3,"204,160 "
26-Mar-18,2018,3,"203,680 "
27-Mar-18,2018,3,"202,960 "
28-Mar-18,2018,3,"202,340 "
29-Mar-18,2018,3,"201,870 "
30-Mar-18,2018,3,"201,600 "
31-Mar-18,2018,3,"201,520 "
01-Apr-18,2018,4,"201,140 "
02-Apr-18,2018,4,"201,100 "
03-Apr-18,2018,4,"200,570 "
04-Apr-18,2018,4,"198,000 "
05-Apr-18,2018,4,"195,820 "
06-Apr-18,2018,4,"195,320 "
07-Apr-18,2018,4,"201,250 "
08-Apr-18,2018,4,"202,250 "
09-Apr-18,2018,4,"204,840 "
10-Apr-18,2018,4,"205,690 "
11-Apr-18,2018,4,"205,500 "
12-Apr-18,2018,4,"205,180 "
13-Apr-18,2018,4,"205,180 "
14-Apr-18,2018,4,"205,140 "
15-Apr-18,2018,4,"204,860 "
16-Apr-18,2018,4,"204,840 "
17-Apr-18,2018,4,"204,450 "
18-Apr-18,2018,4,"204,070 "
19-Apr-18,2018,4,"203,520 "
20-Apr-18,2018,4,"202,490 "
21-Apr-18,2018,4,"201,250 "
22-Apr-18,2018,4,"200,080 "
23-Apr-18,2018,4,"199,140 "
24-Apr-18,2018,4,"198,240 "
25-Apr-18,2018,4,"198,940 "
26-Apr-18,2018,4,"200,320 "
27-Apr-18,2018,4,"202,000 "
28-Apr-18,2018,4,"203,820 "
29-Apr-18,2018,4,"205,050 "
30-Apr-18,2018,4,"204,640 "
01-May-18,2018,5,"204,360 "
02-May-18,2018,5,"204,230 "
03-May-18,2018,5,"204,090 "
04-May-18,2018,5,"203,800 "
05-May-18,2018,5,"203,520 "
06-May-18,2018,5,"203,300 "
07-May-18,2018,5,"203,100 "
08-May-18,2018,5,"201,830 "
09-May-18,2018,5,"200,460 "
10-May-18,2018,5,"199,290 "
11-May-18,2018,5,"197,910 "
12-May-18,2018,5,"196,950 "
13-May-18,2018,5,"197,080 "
14-May-18,2018,5,"197,040 "
15-May-18,2018,5,"197,060 "
16-May-18,2018,5,"196,800 "
17-May-18,2018,5,"196,820 "
18-May-18,2018,5,"196,490 "
19-May-18,2018,5,"196,780 "
20-May-18,2018,5,"197,120 "
21-May-18,2018,5,"197,670 "
22-May-18,2018,5,"198,300 "
23-May-18,2018,5,"199,010 "
24-May-18,2018,5,"200,130 "
25-May-18,2018,5,"201,960 "
26-May-18,2018,5,"203,030 "
27-May-18,2018,5,"203,190 "
28-May-18,2018,5,"203,190 "
29-May-18,2018,5,"203,120 "
30-May-18,2018,5,"203,030 "
31-May-18,2018,5,"202,690 "
01-Jun-18,2018,6,"202,250 "
02-Jun-18,2018,6,"202,720 "
03-Jun-18,2018,6,"202,490 "
04-Jun-18,2018,6,"201,800 "
05-Jun-18,2018,6,"201,180 "
06-Jun-18,2018,6,"200,520 "
07-Jun-18,2018,6,"199,750 "
08-Jun-18,2018,6,"198,790 "
09-Jun-18,2018,6,"198,370 "
10-Jun-18,2018,6,"198,090 "
11-Jun-18,2018,6,"197,450 "
12-Jun-18,2018,6,"196,820 "
13-Jun-18,2018,6,"195,840 "
14-Jun-18,2018,6,"195,470 "
15-Jun-18,2018,6,"195,210 "
16-Jun-18,2018,6,"195,040 "
17-Jun-18,2018,6,"194,820 "
18-Jun-18,2018,6,"194,260 "
19-Jun-18,2018,6,"193,830 "
20-Jun-18,2018,6,"194,110 "
21-Jun-18,2018,6,"194,520 "
22-Jun-18,2018,6,"194,930 "
23-Jun-18,2018,6,"195,360 "
24-Jun-18,2018,6,"195,820 "
25-Jun-18,2018,6,"196,430 "
26-Jun-18,2018,6,"196,520 "
27-Jun-18,2018,6,"196,560 "
28-Jun-18,2018,6,"196,650 "
29-Jun-18,2018,6,"196,760 "
30-Jun-18,2018,6,"196,710 "
01-Jul-18,2018,7,"196,890 "
02-Jul-18,2018,7,"196,860 "
03-Jul-18,2018,7,"196,710 "
04-Jul-18,2018,7,"196,820 "
05-Jul-18,2018,7,"197,000 "
06-Jul-18,2018,7,"197,170 "
07-Jul-18,2018,7,"197,230 "
08-Jul-18,2018,7,"197,450 "
09-Jul-18,2018,7,"197,540 "
10-Jul-18,2018,7,"197,690 "
11-Jul-18,2018,7,"197,800 "
12-Jul-18,2018,7,"197,910 "
13-Jul-18,2018,7,"197,930 "
14-Jul-18,2018,7,"198,150 "
15-Jul-18,2018,7,"198,150 "
16-Jul-18,2018,7,"198,200 "
17-Jul-18,2018,7,"198,350 "
18-Jul-18,2018,7,"198,300 "
19-Jul-18,2018,7,"198,540 "
20-Jul-18,2018,7,"198,500 "
21-Jul-18,2018,7,"198,760 "
22-Jul-18,2018,7,"199,140 "
23-Jul-18,2018,7,"199,270 "
24-Jul-18,2018,7,"199,600 "
25-Jul-18,2018,7,"199,730 "
26-Jul-18,2018,7,"199,860 "
27-Jul-18,2018,7,"199,840 "
28-Jul-18,2018,7,"200,170 "
29-Jul-18,2018,7,"200,570 "
30-Jul-18,2018,7,"201,070 "
31-Jul-18,2018,7,"201,340 "
01-Aug-18,2018,8,"201,320 "
02-Aug-18,2018,8,"201,250 "
03-Aug-18,2018,8,"201,250 "
04-Aug-18,2018,8,"201,070 "
05-Aug-18,2018,8,"200,880 "
06-Aug-18,2018,8,"200,410 "
07-Aug-18,2018,8,"200,370 "
08-Aug-18,2018,8,"200,190 "
09-Aug-18,2018,8,"200,150 "
10-Aug-18,2018,8,"200,040 "
11-Aug-18,2018,8,"199,840 "
12-Aug-18,2018,8,"199,660 "
13-Aug-18,2018,8,"199,620 "
14-Aug-18,2018,8,"199,550 "
15-Aug-18,2018,8,"199,580 "
16-Aug-18,2018,8,"199,660 "
17-Aug-18,2018,8,"199,660 "
18-Aug-18,2018,8,"199,620 "
19-Aug-18,2018,8,"199,770 "
20-Aug-18,2018,8,"199,510 "
21-Aug-18,2018,8,"199,180 "
22-Aug-18,2018,8,"198,870 "
23-Aug-18,2018,8,"198,850 "
24-Aug-18,2018,8,"199,270 "
25-Aug-18,2018,8,"199,640 "
26-Aug-18,2018,8,"199,930 "
27-Aug-18,2018,8,"199,970 "
28-Aug-18,2018,8,"199,970 "
29-Aug-18,2018,8,"199,660 "
30-Aug-18,2018,8,"199,340 "
31-Aug-18,2018,8,"198,830 "
01-Sep-18,2018,9,"198,680 "
02-Sep-18,2018,9,"198,300 "
03-Sep-18,2018,9,"198,260 "
04-Sep-18,2018,9,"198,130 "
05-Sep-18,2018,9,"197,890 "
06-Sep-18,2018,9,"197,820 "
07-Sep-18,2018,9,"197,740 "
08-Sep-18,2018,9,"197,760 "
09-Sep-18,2018,9,"197,630 "
10-Sep-18,2018,9,"197,520 "
11-Sep-18,2018,9,"197,450 "
12-Sep-18,2018,9,"197,540 "
13-Sep-18,2018,9,"197,470 "
14-Sep-18,2018,9,"197,280 "
15-Sep-18,2018,9,"197,300 "
16-Sep-18,2018,9,"197,500 "
17-Sep-18,2018,9,"197,650 "
18-Sep-18,2018,9,"197,540 "
19-Sep-18,2018,9,"197,870 "
20-Sep-18,2018,9,"198,150 "
21-Sep-18,2018,9,"198,590 "
22-Sep-18,2018,9,"198,590 "
23-Sep-18,2018,9,"198,980 "
24-Sep-18,2018,9,"199,550 "
25-Sep-18,2018,9,"199,770 "
26-Sep-18,2018,9,"199,550 "
27-Sep-18,2018,9,"199,050 "
28-Sep-18,2018,9,"198,240 "
29-Sep-18,2018,9,"197,760 "
30-Sep-18,2018,9,"197,170 "
01-Oct-18,2018,10,"196,950 "
02-Oct-18,2018,10,"196,780 "
03-Oct-18,2018,10,"196,580 "
04-Oct-18,2018,10,"196,410 "
05-Oct-18,2018,10,"196,490 "
06-Oct-18,2018,10,"196,450 "
07-Oct-18,2018,10,"196,170 "
08-Oct-18,2018,10,"195,470 "
09-Oct-18,2018,10,"194,410 "
10-Oct-18,2018,10,"193,380 "
11-Oct-18,2018,10,"192,130 "
12-Oct-18,2018,10,"191,100 "
13-Oct-18,2018,10,"190,650 "
14-Oct-18,2018,10,"190,220 "
15-Oct-18,2018,10,"189,350 "
16-Oct-18,2018,10,"188,610 "
17-Oct-18,2018,10,"188,270 "
18-Oct-18,2018,10,"187,780 "
19-Oct-18,2018,10,"187,270 "
20-Oct-18,2018,10,"187,290 "
21-Oct-18,2018,10,"187,120 "
22-Oct-18,2018,10,"187,170 "
23-Oct-18,2018,10,"187,170 "
24-Oct-18,2018,10,"187,100 "
25-Oct-18,2018,10,"187,060 "
26-Oct-18,2018,10,"187,000 "
27-Oct-18,2018,10,"186,960 "
28-Oct-18,2018,10,"186,910 "
29-Oct-18,2018,10,"186,870 "
30-Oct-18,2018,10,"186,830 "
31-Oct-18,2018,10,"186,960 "
01-Nov-18,2018,11,"187,040 "
02-Nov-18,2018,11,"187,270 "
03-Nov-18,2018,11,"187,590 "
04-Nov-18,2018,11,"187,740 "
05-Nov-18,2018,11,"187,800 "
06-Nov-18,2018,11,"187,910 "
07-Nov-18,2018,11,"188,080 "
08-Nov-18,2018,11,"188,140 "
09-Nov-18,2018,11,"188,290 "
10-Nov-18,2018,11,"188,420 "
11-Nov-18,2018,11,"188,350 "
12-Nov-18,2018,11,"188,310 "
13-Nov-18,2018,11,"188,060 "
14-Nov-18,2018,11,"187,740 "
15-Nov-18,2018,11,"187,500 "
16-Nov-18,2018,11,"187,210 "
17-Nov-18,2018,11,"186,930 "
18-Nov-18,2018,11,"186,930 "
19-Nov-18,2018,11,"186,760 "
20-Nov-18,2018,11,"186,640 "
21-Nov-18,2018,11,"186,680 "
22-Nov-18,2018,11,"186,620 "
23-Nov-18,2018,11,"186,740 "
24-Nov-18,2018,11,"187,020 "
25-Nov-18,2018,11,"187,290 "
26-Nov-18,2018,11,"187,440 "
27-Nov-18,2018,11,"187,570 "
28-Nov-18,2018,11,"187,970 "
29-Nov-18,2018,11,"188,710 "
30-Nov-18,2018,11,"189,780 "
01-Dec-18,2018,12,"190,740 "
02-Dec-18,2018,12,"191,380 "
03-Dec-18,2018,12,"191,550 "
04-Dec-18,2018,12,"190,690 "
05-Dec-18,2018,12,"189,730 "
06-Dec-18,2018,12,"188,710 "
07-Dec-18,2018,12,"187,820 "
08-Dec-18,2018,12,"187,230 "
09-Dec-18,2018,12,"187,190 "
10-Dec-18,2018,12,"186,700 "
11-Dec-18,2018,12,"186,260 "
12-Dec-18,2018,12,"185,650 "
13-Dec-18,2018,12,"185,170 "
14-Dec-18,2018,12,"184,790 "
15-Dec-18,2018,12,"184,180 "
16-Dec-18,2018,12,"184,350 "
17-Dec-18,2018,12,"184,600 "
18-Dec-18,2018,12,"184,730 "
19-Dec-18,2018,12,"184,750 "
20-Dec-18,2018,12,"184,870 "
21-Dec-18,2018,12,"185,060 "
22-Dec-18,2018,12,"185,520 "
23-Dec-18,2018,12,"185,630 "
24-Dec-18,2018,12,"185,630 "
25-Dec-18,2018,12,"185,780 "
26-Dec-18,2018,12,"185,690 "
27-Dec-18,2018,12,"185,840 "
28-Dec-18,2018,12,"185,630 "
29-Dec-18,2018,12,"185,440 "
30-Dec-18,2018,12,"185,360 "
31-Dec-18,2018,12,"184,920 "
01-Jan-19,2019,1,"184,450 "
02-Jan-19,2019,1,"184,180 "
03-Jan-19,2019,1,"183,890 "
04-Jan-19,2019,1,"183,560 "
05-Jan-19,2019,1,"183,350 "
06-Jan-19,2019,1,"183,330 "
07-Jan-19,2019,1,"183,660 "
08-Jan-19,2019,1,"184,220 "
09-Jan-19,2019,1,"184,640 "
10-Jan-19,2019,1,"185,270 "
11-Jan-19,2019,1,"185,520 "
12-Jan-19,2019,1,"185,500 "
13-Jan-19,2019,1,"185,270 "
14-Jan-19,2019,1,"184,700 "
15-Jan-19,2019,1,"184,350 "
16-Jan-19,2019,1,"184,370 "
17-Jan-19,2019,1,"187,270 "
18-Jan-19,2019,1,"187,990 "
19-Jan-19,2019,1,"188,710 "
20-Jan-19,2019,1,"189,310 "
21-Jan-19,2019,1,"190,420 "
22-Jan-19,2019,1,"189,560 "
23-Jan-19,2019,1,"188,520 "
24-Jan-19,2019,1,"187,440 "
25-Jan-19,2019,1,"186,830 "
26-Jan-19,2019,1,"186,200 "
27-Jan-19,2019,1,"185,990 "
28-Jan-19,2019,1,"185,820 "
29-Jan-19,2019,1,"185,780 "
30-Jan-19,2019,1,"185,330 "
31-Jan-19,2019,1,"184,390 "
01-Feb-19,2019,2,"183,080 "
02-Feb-19,2019,2,"182,620 "
03-Feb-19,2019,2,"183,350 "
04-Feb-19,2019,2,"184,980 "
05-Feb-19,2019,2,"185,380 "
06-Feb-19,2019,2,"185,000 "
07-Feb-19,2019,2,"184,220 "
08-Feb-19,2019,2,"183,120 "
09-Feb-19,2019,2,"182,120 "
10-Feb-19,2019,2,"182,140 "
11-Feb-19,2019,2,"181,210 "
12-Feb-19,2019,2,"180,140 "
13-Feb-19,2019,2,"180,470 "
14-Feb-19,2019,2,"193,590 "
15-Feb-19,2019,2,"196,300 "
16-Feb-19,2019,2,"194,540 "
17-Feb-19,2019,2,"191,360 "
18-Feb-19,2019,2,"190,050 "
19-Feb-19,2019,2,"186,890 "
20-Feb-19,2019,2,"184,520 "
21-Feb-19,2019,2,"183,990 "
22-Feb-19,2019,2,"183,180 "
23-Feb-19,2019,2,"182,580 "
24-Feb-19,2019,2,"182,060 "
25-Feb-19,2019,2,"181,520 "
26-Feb-19,2019,2,"180,860 "
27-Feb-19,2019,2,"181,000 "
28-Feb-19,2019,2,"181,870 "
01-Mar-19,2019,3,"182,810 "
02-Mar-19,2019,3,"185,080 "
03-Mar-19,2019,3,"189,460 "
04-Mar-19,2019,3,"190,570 "
05-Mar-19,2019,3,"189,260 "
06-Mar-19,2019,3,"190,050 "
07-Mar-19,2019,3,"193,420 "
08-Mar-19,2019,3,"194,410 "
09-Mar-19,2019,3,"193,810 "
10-Mar-19,2019,3,"193,230 "
11-Mar-19,2019,3,"193,400 "
12-Mar-19,2019,3,"193,810 "
13-Mar-19,2019,3,"193,830 "
14-Mar-19,2019,3,"193,480 "
15-Mar-19,2019,3,"193,100 "
16-Mar-19,2019,3,"192,560 "
17-Mar-19,2019,3,"191,980 "
18-Mar-19,2019,3,"191,270 "
19-Mar-19,2019,3,"190,650 "
20-Mar-19,2019,3,"190,520 "
21-Mar-19,2019,3,"191,060 "
22-Mar-19,2019,3,"191,400 "
23-Mar-19,2019,3,"192,620 "
24-Mar-19,2019,3,"193,440 "
25-Mar-19,2019,3,"193,960 "
26-Mar-19,2019,3,"194,520 "
27-Mar-19,2019,3,"195,840 "
28-Mar-19,2019,3,"196,340 "
29-Mar-19,2019,3,"195,080 "
30-Mar-19,2019,3,"193,550 "
31-Mar-19,2019,3,"193,050 "
01-Apr-19,2019,4,"193,480 "
02-Apr-19,2019,4,"194,520 "
03-Apr-19,2019,4,"195,390 "
04-Apr-19,2019,4,"194,980 "
05-Apr-19,2019,4,"194,370 "
06-Apr-19,2019,4,"193,700 "
07-Apr-19,2019,4,"194,930 "
08-Apr-19,2019,4,"196,690 "
09-Apr-19,2019,4,"198,900 "
10-Apr-19,2019,4,"200,720 "
11-Apr-19,2019,4,"204,250 "
12-Apr-19,2019,4,"205,820 "
13-Apr-19,2019,4,"205,920 "
14-Apr-19,2019,4,"205,850 "
15-Apr-19,2019,4,"205,920 "
16-Apr-19,2019,4,"205,920 "
17-Apr-19,2019,4,"205,850 "
18-Apr-19,2019,4,"205,640 "
19-Apr-19,2019,4,"204,090 "
20-Apr-19,2019,4,"204,040 "
21-Apr-19,2019,4,"205,090 "
22-Apr-19,2019,4,"205,180 "
23-Apr-19,2019,4,"205,180 "
24-Apr-19,2019,4,"205,320 "
25-Apr-19,2019,4,"205,530 "
26-Apr-19,2019,4,"205,550 "
27-Apr-19,2019,4,"205,550 "
28-Apr-19,2019,4,"205,460 "
29-Apr-19,2019,4,"205,640 "
30-Apr-19,2019,4,"205,410 "
01-May-19,2019,5,"205,120 "
02-May-19,2019,5,"205,120 "
03-May-19,2019,5,"205,140 "
04-May-19,2019,5,"205,140 "
05-May-19,2019,5,"205,160 "
06-May-19,2019,5,"205,160 "
07-May-19,2019,5,"205,440 "
08-May-19,2019,5,"205,550 "
09-May-19,2019,5,"205,600 "
10-May-19,2019,5,"205,600 "
11-May-19,2019,5,"205,440 "
12-May-19,2019,5,"205,530 "
13-May-19,2019,5,"205,570 "
14-May-19,2019,5,"205,570 "
15-May-19,2019,5,"205,530 "
16-May-19,2019,5,"205,730 "
17-May-19,2019,5,"205,570 "
18-May-19,2019,5,"205,480 "
19-May-19,2019,5,"205,710 "
20-May-19,2019,5,"205,460 "
21-May-19,2019,5,"205,920 "
22-May-19,2019,5,"206,010 "
23-May-19,2019,5,"206,030 "
24-May-19,2019,5,"206,170 "
25-May-19,2019,5,"206,190 "
26-May-19,2019,5,"206,460 "
27-May-19,2019,5,"206,210 "
28-May-19,2019,5,"206,100 "
29-May-19,2019,5,"206,140 "
30-May-19,2019,5,"206,170 "
31-May-19,2019,5,"206,190 "
01-Jun-19,2019,6,"206,400 "
02-Jun-19,2019,6,"206,490 "
03-Jun-19,2019,6,"206,920 "
04-Jun-19,2019,6,"206,760 "
05-Jun-19,2019,6,"206,830 "
06-Jun-19,2019,6,"206,690 "
07-Jun-19,2019,6,"206,580 "
08-Jun-19,2019,6,"206,420 "
09-Jun-19,2019,6,"206,370 "
10-Jun-19,2019,6,"206,370 "
11-Jun-19,2019,6,"206,580 "
12-Jun-19,2019,6,"207,330 "
13-Jun-19,2019,6,"207,560 "
14-Jun-19,2019,6,"207,220 "
15-Jun-19,2019,6,"206,780 "
16-Jun-19,2019,6,"206,670 "
17-Jun-19,2019,6,"206,460 "
18-Jun-19,2019,6,"206,460 "
19-Jun-19,2019,6,"206,460 "
20-Jun-19,2019,6,"206,460 "
21-Jun-19,2019,6,"206,420 "
22-Jun-19,2019,6,"205,980 "
23-Jun-19,2019,6,"205,780 "
24-Jun-19,2019,6,"205,620 "
25-Jun-19,2019,6,"205,090 "
26-Jun-19,2019,6,"204,800 "
27-Jun-19,2019,6,"204,450 "
28-Jun-19,2019,6,"204,500 "
29-Jun-19,2019,6,"204,500 "
30-Jun-19,2019,6,"204,430 "
01-Jul-19,2019,7,"204,380 "
02-Jul-19,2019,7,"204,320 "
03-Jul-19,2019,7,"204,320 "
04-Jul-19,2019,7,"204,540 "
05-Jul-19,2019,7,"204,700 "
06-Jul-19,2019,7,"204,680 "
07-Jul-19,2019,7,"204,680 "
08-Jul-19,2019,7,"204,660 "
09-Jul-19,2019,7,"204,700 "
10-Jul-19,2019,7,"204,590 "
11-Jul-19,2019,7,"204,770 "
12-Jul-19,2019,7,"204,660 "
13-Jul-19,2019,7,"204,380 "
14-Jul-19,2019,7,"204,040 "
15-Jul-19,2019,7,"203,840 "
16-Jul-19,2019,7,"203,500 "
17-Jul-19,2019,7,"202,600 "
18-Jul-19,2019,7,"202,520 "
19-Jul-19,2019,7,"202,270 "
20-Jul-19,2019,7,"202,180 "
21-Jul-19,2019,7,"202,560 "
22-Jul-19,2019,7,"203,120 "
23-Jul-19,2019,7,"203,370 "
24-Jul-19,2019,7,"203,640 "
25-Jul-19,2019,7,"202,980 "
26-Jul-19,2019,7,"202,520 "
27-Jul-19,2019,7,"202,290 "
28-Jul-19,2019,7,"202,320 "
29-Jul-19,2019,7,"202,630 "
30-Jul-19,2019,7,"202,670 "
31-Jul-19,2019,7,"202,630 "
01-Aug-19,2019,8,"202,560 "
02-Aug-19,2019,8,"202,630 "
03-Aug-19,2019,8,"203,140 "
04-Aug-19,2019,8,"203,410 "
05-Aug-19,2019,8,"202,960 "
06-Aug-19,2019,8,"202,180 "
07-Aug-19,2019,8,"201,720 "
08-Aug-19,2019,8,"201,270 "
09-Aug-19,2019,8,"200,850 "
10-Aug-19,2019,8,"200,760 "
11-Aug-19,2019,8,"200,830 "
12-Aug-19,2019,8,"200,920 "
13-Aug-19,2019,8,"200,610 "
14-Aug-19,2019,8,"200,480 "
15-Aug-19,2019,8,"200,720 "
16-Aug-19,2019,8,"201,010 "
17-Aug-19,2019,8,"201,230 "
18-Aug-19,2019,8,"201,340 "
19-Aug-19,2019,8,"201,410 "
20-Aug-19,2019,8,"200,960 "
21-Aug-19,2019,8,"200,830 "
22-Aug-19,2019,8,"200,410 "
23-Aug-19,2019,8,"199,930 "
24-Aug-19,2019,8,"199,600 "
25-Aug-19,2019,8,"199,910 "
26-Aug-19,2019,8,"200,040 "
27-Aug-19,2019,8,"199,550 "
28-Aug-19,2019,8,"199,160 "
29-Aug-19,2019,8,"198,980 "
30-Aug-19,2019,8,"199,140 "
31-Aug-19,2019,8,"199,310 "
01-Sep-19,2019,9,"199,420 "
02-Sep-19,2019,9,"199,440 "
03-Sep-19,2019,9,"198,960 "
04-Sep-19,2019,9,"198,500 "
05-Sep-19,2019,9,"198,260 "
06-Sep-19,2019,9,"198,330 "
07-Sep-19,2019,9,"198,410 "
08-Sep-19,2019,9,"198,540 "
09-Sep-19,2019,9,"198,520 "
10-Sep-19,2019,9,"198,170 "
11-Sep-19,2019,9,"197,800 "
12-Sep-19,2019,9,"197,630 "
13-Sep-19,2019,9,"197,870 "
14-Sep-19,2019,9,"198,020 "
15-Sep-19,2019,9,"197,960 "
16-Sep-19,2019,9,"197,560 "
17-Sep-19,2019,9,"197,020 "
18-Sep-19,2019,9,"196,340 "
19-Sep-19,2019,9,"196,260 "
20-Sep-19,2019,9,"196,150 "
21-Sep-19,2019,9,"196,020 "
22-Sep-19,2019,9,"196,280 "
23-Sep-19,2019,9,"196,450 "
24-Sep-19,2019,9,"196,540 "
25-Sep-19,2019,9,"196,450 "
26-Sep-19,2019,9,"196,380 "
27-Sep-19,2019,9,"196,100 "
28-Sep-19,2019,9,"196,410 "
29-Sep-19,2019,9,"196,490 "
30-Sep-19,2019,9,"196,100 "
01-Oct-19,2019,10,"195,690 "
02-Oct-19,2019,10,"195,240 "
03-Oct-19,2019,10,"194,780 "
04-Oct-19,2019,10,"194,390 "
05-Oct-19,2019,10,"193,920 "
06-Oct-19,2019,10,"193,940 "
07-Oct-19,2019,10,"193,810 "
08-Oct-19,2019,10,"192,950 "
09-Oct-19,2019,10,"192,020 "
10-Oct-19,2019,10,"191,400 "
11-Oct-19,2019,10,"190,800 "
12-Oct-19,2019,10,"190,520 "
13-Oct-19,2019,10,"190,220 "
14-Oct-19,2019,10,"190,160 "
15-Oct-19,2019,10,"190,220 "
16-Oct-19,2019,10,"190,290 "
17-Oct-19,2019,10,"190,290 "
18-Oct-19,2019,10,"189,670 "
19-Oct-19,2019,10,"189,010 "
20-Oct-19,2019,10,"188,310 "
21-Oct-19,2019,10,"187,650 "
22-Oct-19,2019,10,"187,080 "
23-Oct-19,2019,10,"186,220 "
24-Oct-19,2019,10,"185,060 "
25-Oct-19,2019,10,"184,350 "
26-Oct-19,2019,10,"183,810 "
27-Oct-19,2019,10,"183,510 "
28-Oct-19,2019,10,"183,160 "
29-Oct-19,2019,10,"182,180 "
30-Oct-19,2019,10,"180,420 "
31-Oct-19,2019,10,"179,560 "
01-Nov-19,2019,11,"178,330 "
02-Nov-19,2019,11,"177,110 "
03-Nov-19,2019,11,"176,010 "
04-Nov-19,2019,11,"176,010 "
05-Nov-19,2019,11,"175,970 "
06-Nov-19,2019,11,"175,770 "
07-Nov-19,2019,11,"175,430 "
08-Nov-19,2019,11,"175,370 "
09-Nov-19,2019,11,"175,350 "
10-Nov-19,2019,11,"175,610 "
11-Nov-19,2019,11,"176,010 "
12-Nov-19,2019,11,"176,440 "
13-Nov-19,2019,11,"176,800 "
14-Nov-19,2019,11,"177,230 "
15-Nov-19,2019,11,"177,600 "
16-Nov-19,2019,11,"178,250 "
17-Nov-19,2019,11,"178,390 "
18-Nov-19,2019,11,"178,720 "
19-Nov-19,2019,11,"178,900 "
20-Nov-19,2019,11,"178,700 "
21-Nov-19,2019,11,"178,540 "
22-Nov-19,2019,11,"178,040 "
23-Nov-19,2019,11,"177,470 "
24-Nov-19,2019,11,"177,070 "
25-Nov-19,2019,11,"176,780 "
26-Nov-19,2019,11,"177,030 "
27-Nov-19,2019,11,"177,050 "
28-Nov-19,2019,11,"177,070 "
29-Nov-19,2019,11,"177,050 "
30-Nov-19,2019,11,"176,980 "
01-Dec-19,2019,12,"177,390 "
02-Dec-19,2019,12,"178,700 "
03-Dec-19,2019,12,"179,130 "
04-Dec-19,2019,12,"179,170 "
05-Dec-19,2019,12,"178,940 "
06-Dec-19,2019,12,"178,560 "
07-Dec-19,2019,12,"179,150 "
08-Dec-19,2019,12,"180,880 "
09-Dec-19,2019,12,"181,060 "
10-Dec-19,2019,12,"180,670 "
11-Dec-19,2019,12,"180,860 "
12-Dec-19,2019,12,"180,900 "
13-Dec-19,2019,12,"181,130 "
14-Dec-19,2019,12,"181,640 "
15-Dec-19,2019,12,"181,930 "
16-Dec-19,2019,12,"181,850 "
17-Dec-19,2019,12,"181,350 "
18-Dec-19,2019,12,"180,960 "
19-Dec-19,2019,12,"180,360 "
20-Dec-19,2019,12,"179,680 "
21-Dec-19,2019,12,"179,210 "
22-Dec-19,2019,12,"178,820 "
23-Dec-19,2019,12,"178,470 "
24-Dec-19,2019,12,"178,270 "
25-Dec-19,2019,12,"178,290 "
26-Dec-19,2019,12,"178,210 "
27-Dec-19,2019,12,"178,110 "
28-Dec-19,2019,12,"177,960 "
29-Dec-19,2019,12,"177,860 "
30-Dec-19,2019,12,"177,860 "
31-Dec-19,2019,12,"177,820 "
01-Jan-20,2020,1,"177,760 "
02-Jan-20,2020,1,"177,660 "
03-Jan-20,2020,1,"177,800 "
04-Jan-20,2020,1,"177,900 "
05-Jan-20,2020,1,"178,000 "
06-Jan-20,2020,1,"178,250 "
07-Jan-20,2020,1,"178,520 "
08-Jan-20,2020,1,"178,940 "
09-Jan-20,2020,1,"179,420 "
10-Jan-20,2020,1,"179,970 "
11-Jan-20,2020,1,"180,400 "
12-Jan-20,2020,1,"180,780 "
13-Jan-20,2020,1,"181,190 "
14-Jan-20,2020,1,"181,680 "
15-Jan-20,2020,1,"182,160 "
16-Jan-20,2020,1,"182,810 "
17-Jan-20,2020,1,"183,350 "
18-Jan-20,2020,1,"183,810 "
19-Jan-20,2020,1,"183,990 "
20-Jan-20,2020,1,"183,970 "
21-Jan-20,2020,1,"183,890 "
22-Jan-20,2020,1,"183,850 "
23-Jan-20,2020,1,"183,760 "
24-Jan-20,2020,1,"183,660 "
25-Jan-20,2020,1,"183,640 "
26-Jan-20,2020,1,"184,020 "
27-Jan-20,2020,1,"184,390 "
28-Jan-20,2020,1,"184,660 "
29-Jan-20,2020,1,"184,700 "
30-Jan-20,2020,1,"184,660 "
31-Jan-20,2020,1,"184,730 "
01-Feb-20,2020,2,"184,410 "
02-Feb-20,2020,2,"183,850 "
03-Feb-20,2020,2,"183,470 "
04-Feb-20,2020,2,"183,010 "
05-Feb-20,2020,2,"182,540 "
06-Feb-20,2020,2,"182,660 "
07-Feb-20,2020,2,"182,810 "
08-Feb-20,2020,2,"182,660 "
09-Feb-20,2020,2,"182,430 "
10-Feb-20,2020,2,"182,410 "
11-Feb-20,2020,2,"182,450 "
12-Feb-20,2020,2,"182,560 "
13-Feb-20,2020,2,"182,520 "
14-Feb-20,2020,2,"182,430 "
15-Feb-20,2020,2,"182,080 "
16-Feb-20,2020,2,"182,080 "
17-Feb-20,2020,2,"182,140 "
18-Feb-20,2020,2,"182,160 "
19-Feb-20,2020,2,"182,200 "
20-Feb-20,2020,2,"182,200 "
21-Feb-20,2020,2,"182,180 "
22-Feb-20,2020,2,"182,120 "
23-Feb-20,2020,2,"182,000 "
24-Feb-20,2020,2,"181,980 "
25-Feb-20,2020,2,"182,020 "
26-Feb-20,2020,2,"181,910 "
27-Feb-20,2020,2,"181,830 "
28-Feb-20,2020,2,"181,730 "
29-Feb-20,2020,2,"181,620 "
01-Mar-20,2020,3,"181,500 "
02-Mar-20,2020,3,"181,440 "
03-Mar-20,2020,3,"181,420 "
04-Mar-20,2020,3,"181,400 "
05-Mar-20,2020,3,"181,380 "
06-Mar-20,2020,3,"181,270 "
07-Mar-20,2020,3,"181,270 "
08-Mar-20,2020,3,"181,330 "
09-Mar-20,2020,3,"181,540 "
10-Mar-20,2020,3,"181,660 "
11-Mar-20,2020,3,"181,620 "
12-Mar-20,2020,3,"181,540 "
13-Mar-20,2020,3,"181,580 "
14-Mar-20,2020,3,"181,810 "
15-Mar-20,2020,3,"183,040 "
16-Mar-20,2020,3,"186,010 "
17-Mar-20,2020,3,"187,310 "
18-Mar-20,2020,3,"187,720 "
19-Mar-20,2020,3,"187,990 "
20-Mar-20,2020,3,"187,910 "
21-Mar-20,2020,3,"187,760 "
22-Mar-20,2020,3,"187,610 "
23-Mar-20,2020,3,"187,550 "
24-Mar-20,2020,3,"187,520 "
25-Mar-20,2020,3,"187,700 "
26-Mar-20,2020,3,"187,860 "
27-Mar-20,2020,3,"187,820 "
28-Mar-20,2020,3,"187,700 "
29-Mar-20,2020,3,"187,520 "
30-Mar-20,2020,3,"187,460 "
31-Mar-20,2020,3,"187,270 "
01-Apr-20,2020,4,"187,060 "
02-Apr-20,2020,4,"187,000 "
03-Apr-20,2020,4,"186,960 "
04-Apr-20,2020,4,"186,910 "
05-Apr-20,2020,4,"188,060 "
06-Apr-20,2020,4,"189,690 "
07-Apr-20,2020,4,"190,420 "
08-Apr-20,2020,4,"190,740 "
09-Apr-20,2020,4,"190,930 "
10-Apr-20,2020,4,"190,400 "
11-Apr-20,2020,4,"190,420 "
12-Apr-20,2020,4,"190,310 "
13-Apr-20,2020,4,"190,500 "
14-Apr-20,2020,4,"190,670 "
15-Apr-20,2020,4,"190,650 "
16-Apr-20,2020,4,"190,460 "
17-Apr-20,2020,4,"190,760 "
18-Apr-20,2020,4,"190,860 "
19-Apr-20,2020,4,"190,420 "
20-Apr-20,2020,4,"189,970 "
21-Apr-20,2020,4,"190,120 "
22-Apr-20,2020,4,"190,420 "
23-Apr-20,2020,4,"190,590 "
24-Apr-20,2020,4,"190,520 "
25-Apr-20,2020,4,"190,200 "
26-Apr-20,2020,4,"189,560 "
27-Apr-20,2020,4,"188,010 "
28-Apr-20,2020,4,"186,280 "
29-Apr-20,2020,4,"184,500 "
30-Apr-20,2020,4,"183,700 "
01-May-20,2020,5,"184,120 "
02-May-20,2020,5,"184,450 "
03-May-20,2020,5,"184,870 "
04-May-20,2020,5,"185,000 "
05-May-20,2020,5,"185,500 "
06-May-20,2020,5,"186,010 "
07-May-20,2020,5,"186,470 "
08-May-20,2020,5,"186,930 "
09-May-20,2020,5,"187,360 "
10-May-20,2020,5,"187,950 "
11-May-20,2020,5,"188,310 "
12-May-20,2020,5,"188,760 "
13-May-20,2020,5,"189,260 "
14-May-20,2020,5,"189,840 "
15-May-20,2020,5,"190,440 "
16-May-20,2020,5,"191,080 "
17-May-20,2020,5,"191,980 "
18-May-20,2020,5,"193,550 "
19-May-20,2020,5,"194,330 "
20-May-20,2020,5,"195,170 "
21-May-20,2020,5,"195,930 "
22-May-20,2020,5,"196,780 "
23-May-20,2020,5,"197,210 "
24-May-20,2020,5,"197,890 "
25-May-20,2020,5,"198,390 "
26-May-20,2020,5,"199,090 "
27-May-20,2020,5,"199,820 "
28-May-20,2020,5,"201,100 "
29-May-20,2020,5,"201,320 "
30-May-20,2020,5,"201,430 "
31-May-20,2020,5,"200,480 "
01-Jun-20,2020,6,"200,020 "
02-Jun-20,2020,6,"199,400 "
03-Jun-20,2020,6,"198,900 "
04-Jun-20,2020,6,"199,090 "
05-Jun-20,2020,6,"199,360 "
06-Jun-20,2020,6,"199,530 "
07-Jun-20,2020,6,"199,880 "
08-Jun-20,2020,6,"200,210 "
09-Jun-20,2020,6,"200,410 "
10-Jun-20,2020,6,"200,460 "
11-Jun-20,2020,6,"200,540 "
12-Jun-20,2020,6,"200,520 "
13-Jun-20,2020,6,"200,630 "
14-Jun-20,2020,6,"200,940 "
15-Jun-20,2020,6,"201,030 "
16-Jun-20,2020,6,"201,180 "
17-Jun-20,2020,6,"201,300 "
18-Jun-20,2020,6,"201,540 "
19-Jun-20,2020,6,"201,830 "
20-Jun-20,2020,6,"202,090 "
21-Jun-20,2020,6,"202,200 "
22-Jun-20,2020,6,"202,290 "
23-Jun-20,2020,6,"202,200 "
24-Jun-20,2020,6,"202,070 "
25-Jun-20,2020,6,"202,180 "
26-Jun-20,2020,6,"202,230 "
27-Jun-20,2020,6,"202,290 "
28-Jun-20,2020,6,"202,380 "
29-Jun-20,2020,6,"202,470 "
30-Jun-20,2020,6,"202,650 "
01-Jul-20,2020,7,"202,520 "
02-Jul-20,2020,7,"202,430 "
03-Jul-20,2020,7,"202,560 "
04-Jul-20,2020,7,"202,780 "
05-Jul-20,2020,7,"203,140 "
06-Jul-20,2020,7,"203,100 "
07-Jul-20,2020,7,"202,940 "
08-Jul-20,2020,7,"202,940 "
09-Jul-20,2020,7,"202,780 "
10-Jul-20,2020,7,"202,670 "
11-Jul-20,2020,7,"202,630 "
12-Jul-20,2020,7,"202,630 "
13-Jul-20,2020,7,"202,400 "
14-Jul-20,2020,7,"202,180 "
15-Jul-20,2020,7,"202,200 "
16-Jul-20,2020,7,"202,180 "
17-Jul-20,2020,7,"202,160 "
18-Jul-20,2020,7,"202,050 "
19-Jul-20,2020,7,"202,360 "
20-Jul-20,2020,7,"202,250 "
21-Jul-20,2020,7,"202,160 "
22-Jul-20,2020,7,"202,030 "
23-Jul-20,2020,7,"202,140 "
24-Jul-20,2020,7,"202,200 "
25-Jul-20,2020,7,"202,320 "
26-Jul-20,2020,7,"202,560 "
27-Jul-20,2020,7,"202,360 "
28-Jul-20,2020,7,"202,140 "
29-Jul-20,2020,7,"201,980 "
30-Jul-20,2020,7,"201,740 "
31-Jul-20,2020,7,"201,630 "
01-Aug-20,2020,8,"201,780 "
02-Aug-20,2020,8,"201,720 "
03-Aug-20,2020,8,"201,890 "
04-Aug-20,2020,8,"201,670 "
05-Aug-20,2020,8,"201,450 "
06-Aug-20,2020,8,"201,320 "
07-Aug-20,2020,8,"201,070 "
08-Aug-20,2020,8,"200,880 "
09-Aug-20,2020,8,"200,880 "
10-Aug-20,2020,8,"200,790 "
11-Aug-20,2020,8,"200,630 "
12-Aug-20,2020,8,"200,480 "
13-Aug-20,2020,8,"200,300 "
14-Aug-20,2020,8,"200,060 "
15-Aug-20,2020,8,"199,930 "
16-Aug-20,2020,8,"199,530 "
17-Aug-20,2020,8,"199,310 "
18-Aug-20,2020,8,"199,160 "
19-Aug-20,2020,8,"199,010 "
20-Aug-20,2020,8,"198,830 "
21-Aug-20,2020,8,"198,660 "
22-Aug-20,2020,8,"198,460 "
23-Aug-20,2020,8,"198,150 "
24-Aug-20,2020,8,"197,960 "
25-Aug-20,2020,8,"197,980 "
26-Aug-20,2020,8,"197,760 "
27-Aug-20,2020,8,"198,090 "
28-Aug-20,2020,8,"198,540 "
29-Aug-20,2020,8,"198,940 "
30-Aug-20,2020,8,"199,380 "
31-Aug-20,2020,8,"199,600 "
01-Sep-20,2020,9,"199,580 "
02-Sep-20,2020,9,"199,600 "
03-Sep-20,2020,9,"199,600 "
04-Sep-20,2020,9,"199,600 "
05-Sep-20,2020,9,"199,620 "
06-Sep-20,2020,9,"199,600 "
07-Sep-20,2020,9,"199,600 "
08-Sep-20,2020,9,"199,360 "
09-Sep-20,2020,9,"199,290 "
10-Sep-20,2020,9,"199,250 "
11-Sep-20,2020,9,"199,200 "
12-Sep-20,2020,9,"198,940 "
13-Sep-20,2020,9,"198,590 "
14-Sep-20,2020,9,"198,000 "
15-Sep-20,2020,9,"197,340 "
16-Sep-20,2020,9,"196,690 "
17-Sep-20,2020,9,"196,190 "
18-Sep-20,2020,9,"196,410 "
19-Sep-20,2020,9,"196,540 "
20-Sep-20,2020,9,"196,560 "
21-Sep-20,2020,9,"196,650 "
22-Sep-20,2020,9,"196,710 "
23-Sep-20,2020,9,"196,670 "
24-Sep-20,2020,9,"196,650 "
25-Sep-20,2020,9,"196,580 "
26-Sep-20,2020,9,"196,650 "
27-Sep-20,2020,9,"196,520 "
28-Sep-20,2020,9,"196,450 "
29-Sep-20,2020,9,"196,360 "
30-Sep-20,2020,9,"196,600 "
01-Oct-20,2020,10,"196,490 "
02-Oct-20,2020,10,"196,410 "
03-Oct-20,2020,10,"196,470 "
04-Oct-20,2020,10,"196,040 "
05-Oct-20,2020,10,"195,730 "
06-Oct-20,2020,10,"195,430 "
07-Oct-20,2020,10,"195,150 "
08-Oct-20,2020,10,"194,760 "
09-Oct-20,2020,10,"194,430 "
10-Oct-20,2020,10,"194,070 "
11-Oct-20,2020,10,"193,720 "
12-Oct-20,2020,10,"193,400 "
13-Oct-20,2020,10,"193,050 "
14-Oct-20,2020,10,"192,800 "
15-Oct-20,2020,10,"192,470 "
16-Oct-20,2020,10,"192,110 "
17-Oct-20,2020,10,"191,760 "
18-Oct-20,2020,10,"191,210 "
19-Oct-20,2020,10,"190,990 "
20-Oct-20,2020,10,"190,840 "
21-Oct-20,2020,10,"190,630 "
22-Oct-20,2020,10,"190,370 "
23-Oct-20,2020,10,"190,120 "
24-Oct-20,2020,10,"189,840 "
25-Oct-20,2020,10,"189,200 "
26-Oct-20,2020,10,"188,200 "
27-Oct-20,2020,10,"187,190 "
28-Oct-20,2020,10,"186,810 "
29-Oct-20,2020,10,"186,390 "
30-Oct-20,2020,10,"186,430 "
31-Oct-20,2020,10,"186,640 "
01-Nov-20,2020,11,"186,510 "
02-Nov-20,2020,11,"186,410 "
03-Nov-20,2020,11,"186,340 "
04-Nov-20,2020,11,"186,320 "
05-Nov-20,2020,11,"186,260 "
06-Nov-20,2020,11,"186,220 "
07-Nov-20,2020,11,"186,150 "
08-Nov-20,2020,11,"186,150 "
09-Nov-20,2020,11,"186,180 "
10-Nov-20,2020,11,"186,260 "
11-Nov-20,2020,11,"186,340 "
12-Nov-20,2020,11,"186,360 "
13-Nov-20,2020,11,"186,410 "
14-Nov-20,2020,11,"186,390 "
15-Nov-20,2020,11,"186,410 "
16-Nov-20,2020,11,"186,510 "
17-Nov-20,2020,11,"186,760 "
18-Nov-20,2020,11,"187,060 "
19-Nov-20,2020,11,"187,310 "
20-Nov-20,2020,11,"187,520 "
21-Nov-20,2020,11,"187,570 "
22-Nov-20,2020,11,"187,820 "
23-Nov-20,2020,11,"187,970 "
24-Nov-20,2020,11,"188,010 "
25-Nov-20,2020,11,"187,990 "
26-Nov-20,2020,11,"188,080 "
27-Nov-20,2020,11,"188,160 "
28-Nov-20,2020,11,"188,120 "
29-Nov-20,2020,11,"188,330 "
30-Nov-20,2020,11,"188,330 "
01-Dec-20,2020,12,"188,330 "
02-Dec-20,2020,12,"188,140 "
03-Dec-20,2020,12,"188,030 "
04-Dec-20,2020,12,"187,880 "
05-Dec-20,2020,12,"187,720 "
06-Dec-20,2020,12,"187,400 "
07-Dec-20,2020,12,"187,140 "
08-Dec-20,2020,12,"187,040 "
09-Dec-20,2020,12,"186,980 "
10-Dec-20,2020,12,"186,790 "
11-Dec-20,2020,12,"186,760 "
12-Dec-20,2020,12,"186,740 "
13-Dec-20,2020,12,"186,960 "
14-Dec-20,2020,12,"187,170 "
15-Dec-20,2020,12,"187,670 "
16-Dec-20,2020,12,"187,990 "
17-Dec-20,2020,12,"188,220 "
18-Dec-20,2020,12,"188,670 "
19-Dec-20,2020,12,"188,520 "
20-Dec-20,2020,12,"188,370 "
21-Dec-20,2020,12,"188,330 "
22-Dec-20,2020,12,"188,370 "
23-Dec-20,2020,12,"188,140 "
24-Dec-20,2020,12,"187,990 "
25-Dec-20,2020,12,"187,880 "
26-Dec-20,2020,12,"187,610 "
27-Dec-20,2020,12,"187,400 "
28-Dec-20,2020,12,"187,210 "
29-Dec-20,2020,12,"187,040 "
30-Dec-20,2020,12,"186,830 "
31-Dec-20,2020,12,"186,640 "
01-Jan-21,2021,1,186660
02-Jan-21,2021,1,186640
03-Jan-21,2021,1,186680
04-Jan-21,2021,1,186910
05-Jan-21,2021,1,187190
06-Jan-21,2021,1,187520
07-Jan-21,2021,1,187670
08-Jan-21,2021,1,187840
09-Jan-21,2021,1,187840
10-Jan-21,2021,1,187630
11-Jan-21,2021,1,187550
12-Jan-21,2021,1,187380
13-Jan-21,2021,1,187190
14-Jan-21,2021,1,186980
15-Jan-21,2021,1,186720
16-Jan-21,2021,1,186430
17-Jan-21,2021,1,186130
18-Jan-21,2021,1,185860
19-Jan-21,2021,1,185590
20-Jan-21,2021,1,185230
21-Jan-21,2021,1,185020
22-Jan-21,2021,1,184980
23-Jan-21,2021,1,184920
24-Jan-21,2021,1,184920
25-Jan-21,2021,1,184980
26-Jan-21,2021,1,185020
27-Jan-21,2021,1,185330
28-Jan-21,2021,1,186580
29-Jan-21,2021,1,187380
30-Jan-21,2021,1,187570
31-Jan-21,2021,1,187610
01-Feb-21,2021,2,187460
02-Feb-21,2021,2,187610
03-Feb-21,2021,2,187740
04-Feb-21,2021,2,187860
05-Feb-21,2021,2,187700
06-Feb-21,2021,2,187380
07-Feb-21,2021,2,187060
08-Feb-21,2021,2,186790
09-Feb-21,2021,2,186720
10-Feb-21,2021,2,186640
11-Feb-21,2021,2,186550
12-Feb-21,2021,2,186680
13-Feb-21,2021,2,186890
14-Feb-21,2021,2,187140
15-Feb-21,2021,2,187500
16-Feb-21,2021,2,187820
17-Feb-21,2021,2,188140
18-Feb-21,2021,2,188350
19-Feb-21,2021,2,188520
20-Feb-21,2021,2,188670
21-Feb-21,2021,2,188820
22-Feb-21,2021,2,188840
23-Feb-21,2021,2,188710
24-Feb-21,2021,2,188540
25-Feb-21,2021,2,188420
26-Feb-21,2021,2,188310
27-Feb-21,2021,2,187950
28-Feb-21,2021,2,187950
01-Mar-21,2021,3,187860
02-Mar-21,2021,3,187820
03-Mar-21,2021,3,187800
04-Mar-21,2021,3,187780
05-Mar-21,2021,3,187800
06-Mar-21,2021,3,188120
07-Mar-21,2021,3,188480
08-Mar-21,2021,3,188730
09-Mar-21,2021,3,188970
10-Mar-21,2021,3,189140
11-Mar-21,2021,3,189120
12-Mar-21,2021,3,189070
13-Mar-21,2021,3,189120
14-Mar-21,2021,3,189350
15-Mar-21,2021,3,189650
16-Mar-21,2021,3,189950
17-Mar-21,2021,3,189820
18-Mar-21,2021,3,189670
19-Mar-21,2021,3,189990
20-Mar-21,2021,3,190500
21-Mar-21,2021,3,190800
22-Mar-21,2021,3,190970
23-Mar-21,2021,3,190990
24-Mar-21,2021,3,190990
25-Mar-21,2021,3,190950
26-Mar-21,2021,3,190930
27-Mar-21,2021,3,190740
28-Mar-21,2021,3,190460
29-Mar-21,2021,3,190050
30-Mar-21,2021,3,189710
31-Mar-21,2021,3,189440
01-Apr-21,2021,4,189120
02-Apr-21,2021,4,188760
03-Apr-21,2021,4,188460
04-Apr-21,2021,4,187780
05-Apr-21,2021,4,187170
06-Apr-21,2021,4,186470
07-Apr-21,2021,4,185800
08-Apr-21,2021,4,185170
09-Apr-21,2021,4,184500
10-Apr-21,2021,4,184270
11-Apr-21,2021,4,183990
12-Apr-21,2021,4,183780
13-Apr-21,2021,4,183580
14-Apr-21,2021,4,183330
15-Apr-21,2021,4,183060
16-Apr-21,2021,4,182760
17-Apr-21,2021,4,182490
18-Apr-21,2021,4,182160
19-Apr-21,2021,4,181870
20-Apr-21,2021,4,181580
21-Apr-21,2021,4,181290
22-Apr-21,2021,4,181000
23-Apr-21,2021,4,180800
24-Apr-21,2021,4,180530
25-Apr-21,2021,4,180280
26-Apr-21,2021,4,180050
27-Apr-21,2021,4,179740
28-Apr-21,2021,4,179440
29-Apr-21,2021,4,179150
30-Apr-21,2021,4,178820
01-May-21,2021,5,178450
02-May-21,2021,5,178130
03-May-21,2021,5,178000
04-May-21,2021,5,177820
05-May-21,2021,5,177680
06-May-21,2021,5,177450
07-May-21,2021,5,177310
08-May-21,2021,5,177270
09-May-21,2021,5,177190
10-May-21,2021,5,177110
11-May-21,2021,5,177250
12-May-21,2021,5,177370
13-May-21,2021,5,177560
14-May-21,2021,5,178370
15-May-21,2021,5,179190
16-May-21,2021,5,179600
17-May-21,2021,5,179720
18-May-21,2021,5,179990
19-May-21,2021,5,180180
20-May-21,2021,5,180220
21-May-21,2021,5,180420
22-May-21,2021,5,181040
23-May-21,2021,5,181850
24-May-21,2021,5,182160
25-May-21,2021,5,182350
26-May-21,2021,5,182410
27-May-21,2021,5,182370
28-May-21,2021,5,182600
29-May-21,2021,5,183280
30-May-21,2021,5,184080
31-May-21,2021,5,184310
01-Jun-21,2021,6,184430
02-Jun-21,2021,6,185020
03-Jun-21,2021,6,185000
04-Jun-21,2021,6,185120
05-Jun-21,2021,6,185780
06-Jun-21,2021,6,185880
07-Jun-21,2021,6,185800
08-Jun-21,2021,6,185750
09-Jun-21,2021,6,186090
10-Jun-21,2021,6,186180
11-Jun-21,2021,6,186130
12-Jun-21,2021,6,186960
13-Jun-21,2021,6,187020
14-Jun-21,2021,6,186960
15-Jun-21,2021,6,187060
16-Jun-21,2021,6,187190
17-Jun-21,2021,6,186150
18-Jun-21,2021,6,185690
19-Jun-21,2021,6,185940
20-Jun-21,2021,6,185840
21-Jun-21,2021,6,185710
22-Jun-21,2021,6,185630
23-Jun-21,2021,6,185400
24-Jun-21,2021,6,185100
25-Jun-21,2021,6,184920
26-Jun-21,2021,6,184790
27-Jun-21,2021,6,184790
28-Jun-21,2021,6,184850
29-Jun-21,2021,6,184730
30-Jun-21,2021,6,184450
01-Jul-21,2021,7,184310
02-Jul-21,2021,7,183890
03-Jul-21,2021,7,183450
04-Jul-21,2021,7,183080
05-Jul-21,2021,7,182700
06-Jul-21,2021,7,182310
07-Jul-21,2021,7,181830
08-Jul-21,2021,7,181420
09-Jul-21,2021,7,181230
10-Jul-21,2021,7,181130
11-Jul-21,2021,7,180900
12-Jul-21,2021,7,180710
13-Jul-21,2021,7,180760
14-Jul-21,2021,7,180470
15-Jul-21,2021,7,180220
16-Jul-21,2021,7,179810
17-Jul-21,2021,7,179270
18-Jul-21,2021,7,178680
19-Jul-21,2021,7,178130
20-Jul-21,2021,7,177600
21-Jul-21,2021,7,177350
22-Jul-21,2021,7,177350
23-Jul-21,2021,7,177660
24-Jul-21,2021,7,177780
25-Jul-21,2021,7,177660
26-Jul-21,2021,7,177330
27-Jul-21,2021,7,177290
28-Jul-21,2021,7,177350
29-Jul-21,2021,7,177390
30-Jul-21,2021,7,177390
31-Jul-21,2021,7,177540
01-Aug-21,2021,8,177680
02-Aug-21,2021,8,177390
03-Aug-21,2021,8,177010
04-Aug-21,2021,8,176580
05-Aug-21,2021,8,176130
06-Aug-21,2021,8,175850
07-Aug-21,2021,8,175770
08-Aug-21,2021,8,175410
09-Aug-21,2021,8,175140
10-Aug-21,2021,8,174960
11-Aug-21,2021,8,174740
12-Aug-21,2021,8,174680
13-Aug-21,2021,8,174540
14-Aug-21,2021,8,174640
15-Aug-21,2021,8,174680
16-Aug-21,2021,8,174720
17-Aug-21,2021,8,174520
18-Aug-21,2021,8,174180
19-Aug-21,2021,8,173880
20-Aug-21,2021,8,173840
21-Aug-21,2021,8,173420
22-Aug-21,2021,8,173180
23-Aug-21,2021,8,172840
24-Aug-21,2021,8,172640
25-Aug-21,2021,8,172560
26-Aug-21,2021,8,172480
27-Aug-21,2021,8,172520
28-Aug-21,2021,8,172520
29-Aug-21,2021,8,172480
30-Aug-21,2021,8,172760
31-Aug-21,2021,8,172680
01-Sep-21,2021,9,172360
02-Sep-21,2021,9,171970
03-Sep-21,2021,9,171430
04-Sep-21,2021,9,171370
05-Sep-21,2021,9,171570
06-Sep-21,2021,9,171290
07-Sep-21,2021,9,171050
08-Sep-21,2021,9,170800
09-Sep-21,2021,9,170740
10-Sep-21,2021,9,170540
11-Sep-21,2021,9,170720
12-Sep-21,2021,9,170860
13-Sep-21,2021,9,170660
14-Sep-21,2021,9,170420
15-Sep-21,2021,9,170010
16-Sep-21,2021,9,169480
17-Sep-21,2021,9,169030
18-Sep-21,2021,9,168770
19-Sep-21,2021,9,168480
20-Sep-21,2021,9,167200
21-Sep-21,2021,9,165450
22-Sep-21,2021,9,163680
23-Sep-21,2021,9,162980
24-Sep-21,2021,9,162790
25-Sep-21,2021,9,162560
26-Sep-21,2021,9,162280
27-Sep-21,2021,9,161000
28-Sep-21,2021,9,159260
29-Sep-21,2021,9,157750
30-Sep-21,2021,9,157220
01-Oct-21,2021,10,157140
02-Oct-21,2021,10,157010
03-Oct-21,2021,10,156420
04-Oct-21,2021,10,155930
05-Oct-21,2021,10,155470
06-Oct-21,2021,10,155050
07-Oct-21,2021,10,154570
08-Oct-21,2021,10,154630
09-Oct-21,2021,10,154680
10-Oct-21,2021,10,154740
11-Oct-21,2021,10,154240
12-Oct-21,2021,10,153840
13-Oct-21,2021,10,153440
14-Oct-21,2021,10,153060
15-Oct-21,2021,10,152340
16-Oct-21,2021,10,151130
17-Oct-21,2021,10,150810
18-Oct-21,2021,10,150300
19-Oct-21,2021,10,149090
20-Oct-21,2021,10,147950
21-Oct-21,2021,10,147650
22-Oct-21,2021,10,147950
23-Oct-21,2021,10,148310
24-Oct-21,2021,10,149190
25-Oct-21,2021,10,154750
26-Oct-21,2021,10,155960
27-Oct-21,2021,10,155630
28-Oct-21,2021,10,155160
29-Oct-21,2021,10,155800
30-Oct-21,2021,10,156260
31-Oct-21,2021,10,156870
01-Nov-21,2021,11,157550
02-Nov-21,2021,11,158100
03-Nov-21,2021,11,158740
04-Nov-21,2021,11,159290
05-Nov-21,2021,11,159780
06-Nov-21,2021,11,160230
07-Nov-21,2021,11,160700
08-Nov-21,2021,11,160920
09-Nov-21,2021,11,161190
10-Nov-21,2021,11,161410
11-Nov-21,2021,11,161750
12-Nov-21,2021,11,161980
13-Nov-21,2021,11,162660
14-Nov-21,2021,11,163260
15-Nov-21,2021,11,163430
16-Nov-21,2021,11,163340
17-Nov-21,2021,11,163090
18-Nov-21,2021,11,162840
19-Nov-21,2021,11,162840
20-Nov-21,2021,11,163260
21-Nov-21,2021,11,163740
22-Nov-21,2021,11,164290
23-Nov-21,2021,11,164780
24-Nov-21,2021,11,165380
25-Nov-21,2021,11,165850
26-Nov-21,2021,11,166290
27-Nov-21,2021,11,166760
28-Nov-21,2021,11,167140
29-Nov-21,2021,11,167640
30-Nov-21,2021,11,168110
01-Dec-21,2021,12,168260
02-Dec-21,2021,12,168340
03-Dec-21,2021,12,168380
04-Dec-21,2021,12,168380
05-Dec-21,2021,12,168340
06-Dec-21,2021,12,168420
07-Dec-21,2021,12,168400
08-Dec-21,2021,12,168460
09-Dec-21,2021,12,168620
10-Dec-21,2021,12,168890
11-Dec-21,2021,12,169460
12-Dec-21,2021,12,170480
13-Dec-21,2021,12,171530
14-Dec-21,2021,12,173640
15-Dec-21,2021,12,175020
16-Dec-21,2021,12,176300
17-Dec-21,2021,12,177530
18-Dec-21,2021,12,177510
19-Dec-21,2021,12,176520
20-Dec-21,2021,12,175570
21-Dec-21,2021,12,174400
22-Dec-21,2021,12,173360
23-Dec-21,2021,12,175150
24-Dec-21,2021,12,176990
25-Dec-21,2021,12,178310
26-Dec-21,2021,12,180010
27-Dec-21,2021,12,181370
28-Dec-21,2021,12,180860
29-Dec-21,2021,12,179580
30-Dec-21,2021,12,178560
31-Dec-21,2021,12,177800
01-Jan-22,2022,1,176940
02-Jan-22,2022,1,176010
03-Jan-22,2022,1,175810
04-Jan-22,2022,1,175970
05-Jan-22,2022,1,176280
06-Jan-22,2022,1,176440
07-Jan-22,2022,1,176210
08-Jan-22,2022,1,175830
09-Jan-22,2022,1,175370
10-Jan-22,2022,1,174900
11-Jan-22,2022,1,174600
12-Jan-22,2022,1,174580
13-Jan-22,2022,1,174380
14-Jan-22,2022,1,174260
15-Jan-22,2022,1,174200
16-Jan-22,2022,1,174260
17-Jan-22,2022,1,174440
18-Jan-22,2022,1,174720
19-Jan-22,2022,1,174860
20-Jan-22,2022,1,175250
21-Jan-22,2022,1,175570
22-Jan-22,2022,1,175650
23-Jan-22,2022,1,175470
24-Jan-22,2022,1,175190
25-Jan-22,2022,1,175210
26-Jan-22,2022,1,175370
27-Jan-22,2022,1,175530
28-Jan-22,2022,1,175550
29-Jan-22,2022,1,175550
30-Jan-22,2022,1,175510
31-Jan-22,2022,1,175370
01-Feb-22,2022,2,174520
02-Feb-22,2022,2,173400
03-Feb-22,2022,2,173060
04-Feb-22,2022,2,173260
05-Feb-22,2022,2,173820
06-Feb-22,2022,2,173740
07-Feb-22,2022,2,173500
08-Feb-22,2022,2,173360
09-Feb-22,2022,2,172920
10-Feb-22,2022,2,172460
11-Feb-22,2022,2,171740
12-Feb-22,2022,2,171240
13-Feb-22,2022,2,170390
14-Feb-22,2022,2,169720
15-Feb-22,2022,2,168900
16-Feb-22,2022,2,168180
17-Feb-22,2022,2,167500
18-Feb-22,2022,2,166710
19-Feb-22,2022,2,165710
20-Feb-22,2022,2,164870
21-Feb-22,2022,2,163520
22-Feb-22,2022,2,162340
23-Feb-22,2022,2,161210
24-Feb-22,2022,2,160270
25-Feb-22,2022,2,160050
26-Feb-22,2022,2,159560
27-Feb-22,2022,2,159170
28-Feb-22,2022,2,158790
01-Mar-22,2022,3,158610
02-Mar-22,2022,3,158380
03-Mar-22,2022,3,158160
04-Mar-22,2022,3,158200
05-Mar-22,2022,3,158230
06-Mar-22,2022,3,158470
07-Mar-22,2022,3,158730
08-Mar-22,2022,3,158980
09-Mar-22,2022,3,159250
10-Mar-22,2022,3,159500
11-Mar-22,2022,3,159890
12-Mar-22,2022,3,159920
13-Mar-22,2022,3,160600
14-Mar-22,2022,3,161330
15-Mar-22,2022,3,162200
16-Mar-22,2022,3,162880
17-Mar-22,2022,3,163730
18-Mar-22,2022,3,164550
19-Mar-22,2022,3,165350
20-Mar-22,2022,3,166090
21-Mar-22,2022,3,166920
22-Mar-22,2022,3,167730
23-Mar-22,2022,3,168510
24-Mar-22,2022,3,169230
25-Mar-22,2022,3,170150
26-Mar-22,2022,3,171020
27-Mar-22,2022,3,171990
28-Mar-22,2022,3,173030
29-Mar-22,2022,3,174410
30-Mar-22,2022,3,175940
31-Mar-22,2022,3,177400
01-Apr-22,2022,4,178680
02-Apr-22,2022,4,179770
03-Apr-22,2022,4,180710
04-Apr-22,2022,4,181480
05-Apr-22,2022,4,182180
06-Apr-22,2022,4,183160
07-Apr-22,2022,4,184410
08-Apr-22,2022,4,185620
09-Apr-22,2022,4,186840
10-Apr-22,2022,4,187880
11-Apr-22,2022,4,189300
12-Apr-22,2022,4,189980
13-Apr-22,2022,4,190360
14-Apr-22,2022,4,190720
15-Apr-22,2022,4,191210
16-Apr-22,2022,4,191810
17-Apr-22,2022,4,192350
18-Apr-22,2022,4,193100
19-Apr-22,2022,4,193500
20-Apr-22,2022,4,193740
21-Apr-22,2022,4,194170
22-Apr-22,2022,4,194800
23-Apr-22,2022,4,195050
24-Apr-22,2022,4,195620
25-Apr-22,2022,4,195830
26-Apr-22,2022,4,195850
27-Apr-22,2022,4,196000
28-Apr-22,2022,4,195980
29-Apr-22,2022,4,195980
30-Apr-22,2022,4,196280
01-May-22,2022,5,196630
02-May-22,2022,5,196710
03-May-22,2022,5,196930
04-May-22,2022,5,197430
05-May-22,2022,5,197960
06-May-22,2022,5,198290
07-May-22,2022,5,198830
08-May-22,2022,5,199380
09-May-22,2022,5,199470
10-May-22,2022,5,199670
11-May-22,2022,5,199780
12-May-22,2022,5,200000
13-May-22,2022,5,200000
14-May-22,2022,5,200460
15-May-22,2022,5,200420
16-May-22,2022,5,199960
17-May-22,2022,5,200090
18-May-22,2022,5,200200
19-May-22,2022,5,200160
20-May-22,2022,5,200360
21-May-22,2022,5,201420
22-May-22,2022,5,202260
23-May-22,2022,5,202670
24-May-22,2022,5,202800
25-May-22,2022,5,202470
26-May-22,2022,5,201910
27-May-22,2022,5,201250
28-May-22,2022,5,201310
29-May-22,2022,5,201160
30-May-22,2022,5,201070
31-May-22,2022,5,200870
01-Jun-22,2022,6,201070
02-Jun-22,2022,6,200900
03-Jun-22,2022,6,200940
04-Jun-22,2022,6,200760
05-Jun-22,2022,6,200980
06-Jun-22,2022,6,200890
07-Jun-22,2022,6,200620
08-Jun-22,2022,6,200390
09-Jun-22,2022,6,200300
10-Jun-22,2022,6,200260
11-Jun-22,2022,6,199950
12-Jun-22,2022,6,200100
13-Jun-22,2022,6,199990
14-Jun-22,2022,6,200070
15-Jun-22,2022,6,200270
16-Jun-22,2022,6,200240
17-Jun-22,2022,6,199930
18-Jun-22,2022,6,199620
19-Jun-22,2022,6,199350
20-Jun-22,2022,6,199110
21-Jun-22,2022,6,198890
22-Jun-22,2022,6,198620
23-Jun-22,2022,6,198290
24-Jun-22,2022,6,198070
25-Jun-22,2022,6,197540
26-Jun-22,2022,6,197150
27-Jun-22,2022,6,196890
28-Jun-22,2022,6,196640
29-Jun-22,2022,6,196380
30-Jun-22,2022,6,196090
01-Jul-22,2022,7,196180
02-Jul-22,2022,7,196180
03-Jul-22,2022,7,196130
04-Jul-22,2022,7,195850
05-Jul-22,2022,7,195080
06-Jul-22,2022,7,194560
07-Jul-22,2022,7,194260
08-Jul-22,2022,7,194390
09-Jul-22,2022,7,194480
10-Jul-22,2022,7,194200
11-Jul-22,2022,7,194520
12-Jul-22,2022,7,194970
13-Jul-22,2022,7,195100
14-Jul-22,2022,7,195470
15-Jul-22,2022,7,195520
16-Jul-22,2022,7,195710
17-Jul-22,2022,7,195860
18-Jul-22,2022,7,196060
19-Jul-22,2022,7,196210
20-Jul-22,2022,7,196300
21-Jul-22,2022,7,196450
22-Jul-22,2022,7,196580
23-Jul-22,2022,7,196690
24-Jul-22,2022,7,196730
25-Jul-22,2022,7,196930
26-Jul-22,2022,7,197080
27-Jul-22,2022,7,197150
28-Jul-22,2022,7,197230
29-Jul-22,2022,7,197410
30-Jul-22,2022,7,197430
31-Jul-22,2022,7,197520
01-Aug-22,2022,8,197470
02-Aug-22,2022,8,196970
03-Aug-22,2022,8,196340
04-Aug-22,2022,8,196470
05-Aug-22,2022,8,196800
06-Aug-22,2022,8,196760
07-Aug-22,2022,8,196580
08-Aug-22,2022,8,196320
09-Aug-22,2022,8,196060
10-Aug-22,2022,8,196120
11-Aug-22,2022,8,196230
12-Aug-22,2022,8,196360
13-Aug-22,2022,8,196450
14-Aug-22,2022,8,196340
15-Aug-22,2022,8,196650
16-Aug-22,2022,8,196690
17-Aug-22,2022,8,196620
18-Aug-22,2022,8,196540
19-Aug-22,2022,8,196490
20-Aug-22,2022,8,196450
21-Aug-22,2022,8,196320
22-Aug-22,2022,8,196320
23-Aug-22,2022,8,196150
24-Aug-22,2022,8,196080
25-Aug-22,2022,8,196040
26-Aug-22,2022,8,196040
27-Aug-22,2022,8,195860
28-Aug-22,2022,8,195710
29-Aug-22,2022,8,195690
30-Aug-22,2022,8,195320
31-Aug-22,2022,8,195080
01-Sep-22,2022,9,194800
02-Sep-22,2022,9,194500
03-Sep-22,2022,9,194260
04-Sep-22,2022,9,194020
05-Sep-22,2022,9,193850
06-Sep-22,2022,9,193790
07-Sep-22,2022,9,193590
08-Sep-22,2022,9,193380
09-Sep-22,2022,9,193230
10-Sep-22,2022,9,193140
11-Sep-22,2022,9,193100
12-Sep-22,2022,9,193140
13-Sep-22,2022,9,192950
14-Sep-22,2022,9,192730
15-Sep-22,2022,9,192710
16-Sep-22,2022,9,192580
17-Sep-22,2022,9,192600
18-Sep-22,2022,9,192820
19-Sep-22,2022,9,192840
20-Sep-22,2022,9,193030
21-Sep-22,2022,9,193250
22-Sep-22,2022,9,193330
23-Sep-22,2022,9,192820
24-Sep-22,2022,9,192450
25-Sep-22,2022,9,192430
26-Sep-22,2022,9,192880
27-Sep-22,2022,9,193250
28-Sep-22,2022,9,193250
29-Sep-22,2022,9,193180
30-Sep-22,2022,9,193230
01-Oct-22,2022,10,193120
02-Oct-22,2022,10,192950
03-Oct-22,2022,10,192770
04-Oct-22,2022,10,192580
05-Oct-22,2022,10,192450
06-Oct-22,2022,10,192320
07-Oct-22,2022,10,192320
08-Oct-22,2022,10,192410
09-Oct-22,2022,10,192280
10-Oct-22,2022,10,192110
11-Oct-22,2022,10,191550
12-Oct-22,2022,10,190840
13-Oct-22,2022,10,190180
14-Oct-22,2022,10,189650
15-Oct-22,2022,10,189840
16-Oct-22,2022,10,189860
17-Oct-22,2022,10,189730
18-Oct-22,2022,10,189820
19-Oct-22,2022,10,189970
20-Oct-22,2022,10,190080
21-Oct-22,2022,10,189840
22-Oct-22,2022,10,189120
23-Oct-22,2022,10,188140
24-Oct-22,2022,10,186890
25-Oct-22,2022,10,185630
26-Oct-22,2022,10,184750
27-Oct-22,2022,10,183760
28-Oct-22,2022,10,182720
29-Oct-22,2022,10,181560
30-Oct-22,2022,10,180440
31-Oct-22,2022,10,179420
01-Nov-22,2022,11,178990
02-Nov-22,2022,11,179090
03-Nov-22,2022,11,179580
04-Nov-22,2022,11,180140
05-Nov-22,2022,11,180440
06-Nov-22,2022,11,181130
07-Nov-22,2022,11,181580
08-Nov-22,2022,11,182390
09-Nov-22,2022,11,182850
10-Nov-22,2022,11,183370
11-Nov-22,2022,11,184020
12-Nov-22,2022,11,184640
13-Nov-22,2022,11,185210
14-Nov-22,2022,11,185690
15-Nov-22,2022,11,186180
16-Nov-22,2022,11,186680
17-Nov-22,2022,11,187360
18-Nov-22,2022,11,188010
19-Nov-22,2022,11,188500
20-Nov-22,2022,11,189260
21-Nov-22,2022,11,189900
22-Nov-22,2022,11,190630
23-Nov-22,2022,11,191230
24-Nov-22,2022,11,191700
25-Nov-22,2022,11,192260
26-Nov-22,2022,11,192840
27-Nov-22,2022,11,193460
28-Nov-22,2022,11,194300
29-Nov-22,2022,11,195100
30-Nov-22,2022,11,195560
01-Dec-22,2022,12,195280
02-Dec-22,2022,12,195100
03-Dec-22,2022,12,195340
04-Dec-22,2022,12,196060
05-Dec-22,2022,12,196120
06-Dec-22,2022,12,196120
07-Dec-22,2022,12,196060
08-Dec-22,2022,12,196040
09-Dec-22,2022,12,195860
10-Dec-22,2022,12,196930
11-Dec-22,2022,12,199250
12-Dec-22,2022,12,199180
13-Dec-22,2022,12,198810
14-Dec-22,2022,12,198330
15-Dec-22,2022,12,197450
16-Dec-22,2022,12,196800
17-Dec-22,2022,12,196320
18-Dec-22,2022,12,195450
19-Dec-22,2022,12,194740
20-Dec-22,2022,12,193570
21-Dec-22,2022,12,192240
22-Dec-22,2022,12,190990
23-Dec-22,2022,12,189650
24-Dec-22,2022,12,188270
25-Dec-22,2022,12,187020
26-Dec-22,2022,12,185670
27-Dec-22,2022,12,186640
28-Dec-22,2022,12,187360
29-Dec-22,2022,12,185100
30-Dec-22,2022,12,187190
31-Dec-22,2022,12,209950
01-Jan-23,2023,1,206080
02-Jan-23,2023,1,204480
03-Jan-23,2023,1,203660
04-Jan-23,2023,1,200240
05-Jan-23,2023,1,198590
06-Jan-23,2023,1,196910
07-Jan-23,2023,1,193590
08-Jan-23,2023,1,190080
09-Jan-23,2023,1,191850
10-Jan-23,2023,1,195040
11-Jan-23,2023,1,195340
12-Jan-23,2023,1,194930
13-Jan-23,2023,1,194040
14-Jan-23,2023,1,198760
15-Jan-23,2023,1,202690
16-Jan-23,2023,1,205410
17-Jan-23,2023,1,204110
18-Jan-23,2023,1,201980
19-Jan-23,2023,1,199420
20-Jan-23,2023,1,195950
21-Jan-23,2023,1,192000
22-Jan-23,2023,1,188760
23-Jan-23,2023,1,188420
24-Jan-23,2023,1,188120
25-Jan-23,2023,1,188390
26-Jan-23,2023,1,188540
27-Jan-23,2023,1,188520
28-Jan-23,2023,1,188440
29-Jan-23,2023,1,188180
30-Jan-23,2023,1,187910
31-Jan-23,2023,1,187630
01-Feb-23,2023,2,187310
02-Feb-23,2023,2,187020
03-Feb-23,2023,2,186850
04-Feb-23,2023,2,186510
05-Feb-23,2023,2,187040
06-Feb-23,2023,2,187630
07-Feb-23,2023,2,187740
08-Feb-23,2023,2,188080
09-Feb-23,2023,2,188030
10-Feb-23,2023,2,187720
11-Feb-23,2023,2,188100
12-Feb-23,2023,2,188420
13-Feb-23,2023,2,188730
14-Feb-23,2023,2,188990
15-Feb-23,2023,2,189220
16-Feb-23,2023,2,188670
17-Feb-23,2023,2,188250
18-Feb-23,2023,2,187990
19-Feb-23,2023,2,187760
20-Feb-23,2023,2,187520
21-Feb-23,2023,2,187400
22-Feb-23,2023,2,187190
23-Feb-23,2023,2,187000
24-Feb-23,2023,2,187170
25-Feb-23,2023,2,187170
26-Feb-23,2023,2,187250
27-Feb-23,2023,2,187840
28-Feb-23,2023,2,188350
01-Mar-23,2023,3,189070
02-Mar-23,2023,3,189200
03-Mar-23,2023,3,189330
04-Mar-23,2023,3,189410
05-Mar-23,2023,3,189390
06-Mar-23,2023,3,"186,530 "
07-Mar-23,2023,3,"181,230 "
08-Mar-23,2023,3,"175,990 "
09-Mar-23,2023,3,"171,190 "
10-Mar-23,2023,3,"177,270 "
11-Mar-23,2023,3,"181,660 "
12-Mar-23,2023,3,"187,170 "
13-Mar-23,2023,3,"191,590 "
14-Mar-23,2023,3,"199,120 "
15-Mar-23,2023,3,"206,600 "
16-Mar-23,2023,3,"205,730 "
17-Mar-23,2023,3,"204,980 "
18-Mar-23,2023,3,"204,230 "
19-Mar-23,2023,3,"203,500 "
20-Mar-23,2023,3,"203,520 "
21-Mar-23,2023,3,"202,960 "
22-Mar-23,2023,3,"201,920 "
23-Mar-23,2023,3,"200,660 "
24-Mar-23,2023,3,"198,980 "
25-Mar-23,2023,3,"196,820 "
26-Mar-23,2023,3,"194,330 "
27-Mar-23,2023,3,"191,420 "
28-Mar-23,2023,3,"191,700 "
29-Mar-23,2023,3,"193,760 "
30-Mar-23,2023,3,"196,100 "
31-Mar-23,2023,3,"198,370 "
01-Apr-23,2023,4,"200,350 "
02-Apr-23,2023,4,"202,070 "
03-Apr-23,2023,4,"204,000 "
04-Apr-23,2023,4,"204,960 "
05-Apr-23,2023,4,"205,070 "
06-Apr-23,2023,4,"205,090 "
07-Apr-23,2023,4,"205,090 "
08-Apr-23,2023,4,"205,070 "
09-Apr-23,2023,4,"205,090 "
10-Apr-23,2023,4,"205,250 "
11-Apr-23,2023,4,"205,410 "
12-Apr-23,2023,4,"205,440 "
13-Apr-23,2023,4,"205,440 "
14-Apr-23,2023,4,"205,410 "
15-Apr-23,2023,4,"205,530 "
16-Apr-23,2023,4,"205,570 "
17-Apr-23,2023,4,"205,570 "
18-Apr-23,2023,4,"205,460 "
19-Apr-23,2023,4,"205,230 "
20-Apr-23,2023,4,"205,230 "
21-Apr-23,2023,4,"205,210 "
22-Apr-23,2023,4,"205,440 "
23-Apr-23,2023,4,"205,600 "
24-Apr-23,2023,4,"205,820 "
25-Apr-23,2023,4,"205,500 "
26-Apr-23,2023,4,"205,530 "
27-Apr-23,2023,4,"205,660 "
28-Apr-23,2023,4,"205,710 "
29-Apr-23,2023,4,"206,010 "
30-Apr-23,2023,4,"206,010 "
01-May-23,2023,5,"205,980 "
02-May-23,2023,5,"205,890 "
03-May-23,2023,5,"205,620 "
04-May-23,2023,5,"205,480 "
05-May-23,2023,5,"205,890 "
06-May-23,2023,5,"206,080 "
07-May-23,2023,5,"205,960 "
08-May-23,2023,5,"205,940 "
09-May-23,2023,5,"206,080 "
10-May-23,2023,5,"206,080 "
11-May-23,2023,5,"206,030 "
12-May-23,2023,5,"205,960 "
13-May-23,2023,5,"206,010 "
14-May-23,2023,5,"205,780 "
15-May-23,2023,5,"206,080 "
16-May-23,2023,5,"206,190 "
17-May-23,2023,5,"206,210 "
18-May-23,2023,5,"206,080 "
19-May-23,2023,5,"206,170 "
20-May-23,2023,5,"206,420 "
21-May-23,2023,5,"206,810 "
22-May-23,2023,5,"207,680 "
23-May-23,2023,5,"208,130 "
24-May-23,2023,5,"207,930 "
25-May-23,2023,5,"207,540 "
26-May-23,2023,5,"207,220 "
27-May-23,2023,5,"207,060 "
28-May-23,2023,5,"207,240 "
29-May-23,2023,5,"207,200 "
30-May-23,2023,5,"207,220 "
31-May-23,2023,5,"207,040 "
01-Jun-23,2023,6,"207,040 "
02-Jun-23,2023,6,"207,060 "
03-Jun-23,2023,6,"206,880 "
04-Jun-23,2023,6,"207,150 "
05-Jun-23,2023,6,"207,040 "
06-Jun-23,2023,6,"206,990 "
07-Jun-23,2023,6,"206,920 "
08-Jun-23,2023,6,"206,880 "
09-Jun-23,2023,6,"206,880 "
10-Jun-23,2023,6,"206,760 "
11-Jun-23,2023,6,"206,990 "
12-Jun-23,2023,6,"206,810 "
13-Jun-23,2023,6,"206,780 "
14-Jun-23,2023,6,"206,810 "
15-Jun-23,2023,6,"207,200 "
16-Jun-23,2023,6,"206,780 "
17-Jun-23,2023,6,"206,810 "
18-Jun-23,2023,6,"206,970 "
19-Jun-23,2023,6,"207,080 "
20-Jun-23,2023,6,"206,670 "
21-Jun-23,2023,6,"206,080 "
22-Jun-23,2023,6,"205,570 "
23-Jun-23,2023,6,"205,370 "
24-Jun-23,2023,6,"205,280 "
25-Jun-23,2023,6,"205,500 "
26-Jun-23,2023,6,"205,460 "
27-Jun-23,2023,6,"206,030 "
28-Jun-23,2023,6,"206,050 "
29-Jun-23,2023,6,"205,870 "
30-Jun-23,2023,6,"205,980 "
01-Jul-23,2023,7,"205,820 "
02-Jul-23,2023,7,"205,960 "
03-Jul-23,2023,7,"205,980 "
04-Jul-23,2023,7,"205,920 "
05-Jul-23,2023,7,"205,710 "
06-Jul-23,2023,7,"205,410 "
07-Jul-23,2023,7,"205,410 "
08-Jul-23,2023,7,"205,180 "
09-Jul-23,2023,7,"205,090 "
10-Jul-23,2023,7,"204,890 "
11-Jul-23,2023,7,"205,050 "
12-Jul-23,2023,7,"204,910 "
13-Jul-23,2023,7,"204,820 "
14-Jul-23,2023,7,"204,860 "
15-Jul-23,2023,7,"204,770 "
16-Jul-23,2023,7,"204,700 "
17-Jul-23,2023,7,"204,640 "
18-Jul-23,2023,7,"204,450 "
19-Jul-23,2023,7,"204,380 "
20-Jul-23,2023,7,"204,320 "
21-Jul-23,2023,7,"203,980 "
22-Jul-23,2023,7,"203,610 "
23-Jul-23,2023,7,"203,750 "
24-Jul-23,2023,7,"203,770 "
25-Jul-23,2023,7,"202,670 "
26-Jul-23,2023,7,"201,850 "
27-Jul-23,2023,7,"201,410 "
28-Jul-23,2023,7,"201,450 "
29-Jul-23,2023,7,"201,430 "
30-Jul-23,2023,7,"201,340 "
31-Jul-23,2023,7,"201,300 "
01-Aug-23,2023,8,"201,120 "
02-Aug-23,2023,8,"200,960 "
03-Aug-23,2023,8,"200,900 "
04-Aug-23,2023,8,"200,720 "
05-Aug-23,2023,8,"200,520 "
06-Aug-23,2023,8,"200,520 "
07-Aug-23,2023,8,"200,660 "
08-Aug-23,2023,8,"200,720 "
09-Aug-23,2023,8,"200,760 "
10-Aug-23,2023,8,"200,720 "
11-Aug-23,2023,8,"200,660 "
12-Aug-23,2023,8,"200,590 "
13-Aug-23,2023,8,"200,610 "
14-Aug-23,2023,8,"200,570 "
15-Aug-23,2023,8,"200,370 "
16-Aug-23,2023,8,"200,130 "
17-Aug-23,2023,8,"199,910 "
18-Aug-23,2023,8,"199,880 "
19-Aug-23,2023,8,"199,690 "
20-Aug-23,2023,8,"199,550 "
21-Aug-23,2023,8,"199,440 "
22-Aug-23,2023,8,"199,290 "
23-Aug-23,2023,8,"199,160 "
24-Aug-23,2023,8,"198,960 "
25-Aug-23,2023,8,"198,720 "
26-Aug-23,2023,8,"198,540 "
27-Aug-23,2023,8,"198,390 "
28-Aug-23,2023,8,"198,200 "
29-Aug-23,2023,8,"197,960 "
30-Aug-23,2023,8,"197,670 "
31-Aug-23,2023,8,"197,150 "
01-Sep-23,2023,9,"196,760 "
02-Sep-23,2023,9,"196,650 "
03-Sep-23,2023,9,"196,430 "
04-Sep-23,2023,9,"196,120 "
05-Sep-23,2023,9,"195,690 "
06-Sep-23,2023,9,"195,190 "
07-Sep-23,2023,9,"194,690 "
08-Sep-23,2023,9,"194,260 "
09-Sep-23,2023,9,"193,830 "
10-Sep-23,2023,9,"194,260 "
11-Sep-23,2023,9,"194,820 "
12-Sep-23,2023,9,"195,430 "
13-Sep-23,2023,9,"196,060 "
14-Sep-23,2023,9,"196,600 "
15-Sep-23,2023,9,"196,930 "
16-Sep-23,2023,9,"196,580 "
17-Sep-23,2023,9,"196,080 "
18-Sep-23,2023,9,"195,450 "
19-Sep-23,2023,9,"194,800 "
20-Sep-23,2023,9,"194,110 "
21-Sep-23,2023,9,"193,310 "
22-Sep-23,2023,9,"192,470 "
23-Sep-23,2023,9,"191,740 "
24-Sep-23,2023,9,"191,400 "
25-Sep-23,2023,9,"190,970 "
26-Sep-23,2023,9,"190,630 "
27-Sep-23,2023,9,"190,220 "
28-Sep-23,2023,9,"189,730 "
29-Sep-23,2023,9,"189,350 "
30-Sep-23,2023,9,"189,140 "
01-Oct-23,2023,10,189070
02-Oct-23,2023,10,188200
03-Oct-23,2023,10,186810
04-Oct-23,2023,10,185820
05-Oct-23,2023,10,184660
06-Oct-23,2023,10,183430
07-Oct-23,2023,10,182580
08-Oct-23,2023,10,181940
09-Oct-23,2023,10,180840
10-Oct-23,2023,10,180000
11-Oct-23,2023,10,179030
12-Oct-23,2023,10,178090
13-Oct-23,2023,10,177500
14-Oct-23,2023,10,176460
15-Oct-23,2023,10,175600
16-Oct-23,2023,10,175070
17-Oct-23,2023,10,174350
18-Oct-23,2023,10,173650
19-Oct-23,2023,10,172850
20-Oct-23,2023,10,172210
21-Oct-23,2023,10,171840
22-Oct-23,2023,10,171960
23-Oct-23,2023,10,171900
24-Oct-23,2023,10,171700
25-Oct-23,2023,10,171580
26-Oct-23,2023,10,171520
27-Oct-23,2023,10,171370
28-Oct-23,2023,10,171270
29-Oct-23,2023,10,171030
30-Oct-23,2023,10,171010
31-Oct-23,2023,10,170580
01-Nov-23,2023,11,169990
02-Nov-23,2023,11,169590
03-Nov-23,2023,11,169790
04-Nov-23,2023,11,169570
05-Nov-23,2023,11,169480
06-Nov-23,2023,11,169620
07-Nov-23,2023,11,169690
08-Nov-23,2023,11,169680
09-Nov-23,2023,11,169770
10-Nov-23,2023,11,169850
11-Nov-23,2023,11,169700
12-Nov-23,2023,11,169480
13-Nov-23,2023,11,169520
14-Nov-23,2023,11,169580
15-Nov-23,2023,11,169600
16-Nov-23,2023,11,169680
17-Nov-23,2023,11,169760
18-Nov-23,2023,11,169860
19-Nov-23,2023,11,170120
20-Nov-23,2023,11,170670
21-Nov-23,2023,11,171020
22-Nov-23,2023,11,171240
23-Nov-23,2023,11,171360
24-Nov-23,2023,11,171480
25-Nov-23,2023,11,171600
26-Nov-23,2023,11,171280
27-Nov-23,2023,11,170490
28-Nov-23,2023,11,169880
29-Nov-23,2023,11,169160
30-Nov-23,2023,11,168710
01-Dec-23,2023,12,168940
02-Dec-23,2023,12,169220
03-Dec-23,2023,12,169450
04-Dec-23,2023,12,169790
05-Dec-23,2023,12,170070
06-Dec-23,2023,12,170340
07-Dec-23,2023,12,170680
08-Dec-23,2023,12,171090
09-Dec-23,2023,12,171510
10-Dec-23,2023,12,171890
11-Dec-23,2023,12,172210
12-Dec-23,2023,12,172430
13-Dec-23,2023,12,172490
14-Dec-23,2023,12,172510
15-Dec-23,2023,12,172670
16-Dec-23,2023,12,172870
17-Dec-23,2023,12,173430
18-Dec-23,2023,12,173970
19-Dec-23,2023,12,174850
20-Dec-23,2023,12,175840
21-Dec-23,2023,12,176690
22-Dec-23,2023,12,177020
23-Dec-23,2023,12,176850
24-Dec-23,2023,12,176920
25-Dec-23,2023,12,176690
26-Dec-23,2023,12,176530
27-Dec-23,2023,12,176410
28-Dec-23,2023,12,176310
29-Dec-23,2023,12,176370
30-Dec-23,2023,12,176490
31-Dec-23,2023,12,176590
01-Jan-24,2024,1,176530
02-Jan-24,2024,1,176760
03-Jan-24,2024,1,176880
04-Jan-24,2024,1,176920
05-Jan-24,2024,1,176900
06-Jan-24,2024,1,177020
07-Jan-24,2024,1,176780
08-Jan-24,2024,1,176540
09-Jan-24,2024,1,176320
10-Jan-24,2024,1,176050
11-Jan-24,2024,1,176210
12-Jan-24,2024,1,176050
13-Jan-24,2024,1,175870
14-Jan-24,2024,1,175990
15-Jan-24,2024,1,176130
16-Jan-24,2024,1,176150
17-Jan-24,2024,1,176320
18-Jan-24,2024,1,176520
19-Jan-24,2024,1,176700
20-Jan-24,2024,1,176920
21-Jan-24,2024,1,177090
22-Jan-24,2024,1,178070
23-Jan-24,2024,1,178600
24-Jan-24,2024,1,178150
25-Jan-24,2024,1,177580
26-Jan-24,2024,1,177470
27-Jan-24,2024,1,176820
28-Jan-24,2024,1,175950
29-Jan-24,2024,1,175080
30-Jan-24,2024,1,174540
31-Jan-24,2024,1,173880
01-Feb-24,2024,2,174300
02-Feb-24,2024,2,175310
03-Feb-24,2024,2,175770
04-Feb-24,2024,2,175990
05-Feb-24,2024,2,176150
06-Feb-24,2024,2,175910
07-Feb-24,2024,2,175850
08-Feb-24,2024,2,175550
09-Feb-24,2024,2,175730
10-Feb-24,2024,2,175730
11-Feb-24,2024,2,175630
12-Feb-24,2024,2,175570
13-Feb-24,2024,2,175530
14-Feb-24,2024,2,175610
15-Feb-24,2024,2,175730
16-Feb-24,2024,2,175890
17-Feb-24,2024,2,175950
18-Feb-24,2024,2,175390
19-Feb-24,2024,2,176320
20-Feb-24,2024,2,177680
21-Feb-24,2024,2,178800
22-Feb-24,2024,2,179270
23-Feb-24,2024,2,179350
24-Feb-24,2024,2,179190
25-Feb-24,2024,2,178860
26-Feb-24,2024,2,178430
27-Feb-24,2024,2,177740
28-Feb-24,2024,2,177230
29-Feb-24,2024,2,176800
01-Mar-24,2024,3,178410
02-Mar-24,2024,3,181520
03-Mar-24,2024,3,183580
04-Mar-24,2024,3,184040
05-Mar-24,2024,3,183490
06-Mar-24,2024,3,182700
07-Mar-24,2024,3,182020
08-Mar-24,2024,3,181290
09-Mar-24,2024,3,180450
10-Mar-24,2024,3,179400
11-Mar-24,2024,3,178210
12-Mar-24,2024,3,177090
13-Mar-24,2024,3,176010
14-Mar-24,2024,3,174860
15-Mar-24,2024,3,174620
16-Mar-24,2024,3,174060
17-Mar-24,2024,3,173500
18-Mar-24,2024,3,173200
19-Mar-24,2024,3,172920
20-Mar-24,2024,3,172740
21-Mar-24,2024,3,172700
22-Mar-24,2024,3,172860
23-Mar-24,2024,3,173880
24-Mar-24,2024,3,175170
25-Mar-24,2024,3,175730
26-Mar-24,2024,3,176010
27-Mar-24,2024,3,176050
28-Mar-24,2024,3,176440
29-Mar-24,2024,3,176900
30-Mar-24,2024,3,177330
31-Mar-24,2024,3,177390
01-Apr-24,2024,4,177370
02-Apr-24,2024,4,177350
03-Apr-24,2024,4,177250
04-Apr-24,2024,4,176800
05-Apr-24,2024,4,176500
06-Apr-24,2024,4,176260
07-Apr-24,2024,4,175850
08-Apr-24,2024,4,175730
09-Apr-24,2024,4,175370
10-Apr-24,2024,4,174320
11-Apr-24,2024,4,173380
12-Apr-24,2024,4,172560
13-Apr-24,2024,4,172080
14-Apr-24,2024,4,171430
15-Apr-24,2024,4,170640
16-Apr-24,2024,4,170680
17-Apr-24,2024,4,171310
18-Apr-24,2024,4,171930
19-Apr-24,2024,4,172680
20-Apr-24,2024,4,173360
21-Apr-24,2024,4,173640
22-Apr-24,2024,4,174020
23-Apr-24,2024,4,174620
24-Apr-24,2024,4,175170
25-Apr-24,2024,4,175510
26-Apr-24,2024,4,175710
27-Apr-24,2024,4,176280
28-Apr-24,2024,4,177310
29-Apr-24,2024,4,177720
30-Apr-24,2024,4,178290
01-May-24,2024,5,178860
02-May-24,2024,5,179520
03-May-24,2024,5,180650
04-May-24,2024,5,182360
05-May-24,2024,5,183920
06-May-24,2024,5,186400
07-May-24,2024,5,188760
08-May-24,2024,5,190940
09-May-24,2024,5,193230
10-May-24,2024,5,195720
11-May-24,2024,5,198070
12-May-24,2024,5,199800
13-May-24,2024,5,201670
14-May-24,2024,5,203900
15-May-24,2024,5,204900
16-May-24,2024,5,204990
17-May-24,2024,5,205010
18-May-24,2024,5,204990
19-May-24,2024,5,204940
20-May-24,2024,5,204920
21-May-24,2024,5,204850
22-May-24,2024,5,204820
23-May-24,2024,5,204840
24-May-24,2024,5,204860
25-May-24,2024,5,204860
26-May-24,2024,5,204900
27-May-24,2024,5,204970
28-May-24,2024,5,205110
29-May-24,2024,5,205330
30-May-24,2024,5,205220
31-May-24,2024,5,205030
01-Jun-24,2024,6,205050
02-Jun-24,2024,6,204840
03-Jun-24,2024,6,204840
04-Jun-24,2024,6,204640
05-Jun-24,2024,6,204660
06-Jun-24,2024,6,204640
07-Jun-24,2024,6,204420
08-Jun-24,2024,6,204190
09-Jun-24,2024,6,204060
10-Jun-24,2024,6,203830
11-Jun-24,2024,6,202940
12-Jun-24,2024,6,201490
13-Jun-24,2024,6,199910
14-Jun-24,2024,6,199290
15-Jun-24,2024,6,198730
16-Jun-24,2024,6,198220
17-Jun-24,2024,6,198100
18-Jun-24,2024,6,197770
19-Jun-24,2024,6,197360
20-Jun-24,2024,6,196860
21-Jun-24,2024,6,196060
22-Jun-24,2024,6,195780
23-Jun-24,2024,6,195430
24-Jun-24,2024,6,195150
25-Jun-24,2024,6,194590
26-Jun-24,2024,6,193900
27-Jun-24,2024,6,193500
28-Jun-24,2024,6,193890
29-Jun-24,2024,6,194260
30-Jun-24,2024,6,194540
01-Jul-24,2024,7,195040
02-Jul-24,2024,7,195580
03-Jul-24,2024,7,195990
04-Jul-24,2024,7,196250
05-Jul-24,2024,7,196620
06-Jul-24,2024,7,196990
07-Jul-24,2024,7,197280
08-Jul-24,2024,7,197580
09-Jul-24,2024,7,197820
10-Jul-24,2024,7,197980
11-Jul-24,2024,7,198240
12-Jul-24,2024,7,198350
13-Jul-24,2024,7,198520
14-Jul-24,2024,7,198720
15-Jul-24,2024,7,198790
16-Jul-24,2024,7,198790
17-Jul-24,2024,7,198720
18-Jul-24,2024,7,198790
19-Jul-24,2024,7,198850
20-Jul-24,2024,7,198980
21-Jul-24,2024,7,198980
22-Jul-24,2024,7,199140
23-Jul-24,2024,7,199340
24-Jul-24,2024,7,199440
25-Jul-24,2024,7,199400
26-Jul-24,2024,7,199310
27-Jul-24,2024,7,199510
28-Jul-24,2024,7,199640
29-Jul-24,2024,7,199750
30-Jul-24,2024,7,199750
31-Jul-24,2024,7,199710
01-Aug-24,2024,8,199420
02-Aug-24,2024,8,199160
03-Aug-24,2024,8,199070
04-Aug-24,2024,8,198920
05-Aug-24,2024,8,198870
06-Aug-24,2024,8,198870
07-Aug-24,2024,8,198850
08-Aug-24,2024,8,198680
09-Aug-24,2024,8,198610
10-Aug-24,2024,8,198460
11-Aug-24,2024,8,198330
12-Aug-24,2024,8,197870
13-Aug-24,2024,8,197280
14-Aug-24,2024,8,196650
15-Aug-24,2024,8,196020
16-Aug-24,2024,8,195600
17-Aug-24,2024,8,195820
18-Aug-24,2024,8,195970
19-Aug-24,2024,8,196150
20-Aug-24,2024,8,196190
21-Aug-24,2024,8,196320
22-Aug-24,2024,8,196380
23-Aug-24,2024,8,196450
24-Aug-24,2024,8,196580
25-Aug-24,2024,8,196760
26-Aug-24,2024,8,196930
27-Aug-24,2024,8,197100
28-Aug-24,2024,8,197190
29-Aug-24,2024,8,197280
30-Aug-24,2024,8,197410
31-Aug-24,2024,8,197430
01-Sep-24,2024,9,197230
02-Sep-24,2024,9,196910
03-Sep-24,2024,9,196520
04-Sep-24,2024,9,196170
05-Sep-24,2024,9,196230
06-Sep-24,2024,9,196300
07-Sep-24,2024,9,195970
08-Sep-24,2024,9,195710
09-Sep-24,2024,9,195470
10-Sep-24,2024,9,195210
11-Sep-24,2024,9,194840
12-Sep-24,2024,9,194430
13-Sep-24,2024,9,194070
14-Sep-24,2024,9,193720
15-Sep-24,2024,9,193400
16-Sep-24,2024,9,193120
17-Sep-24,2024,9,192750
18-Sep-24,2024,9,192320
19-Sep-24,2024,9,191980
20-Sep-24,2024,9,191700
21-Sep-24,2024,9,191700
22-Sep-24,2024,9,191210
23-Sep-24,2024,9,191060
24-Sep-24,2024,9,190590
25-Sep-24,2024,9,189840
26-Sep-24,2024,9,189180
27-Sep-24,2024,9,188540
28-Sep-24,2024,9,187800
29-Sep-24,2024,9,186830
30-Sep-24,2024,9,185610
01-Oct-24,2024,10,"184,480"
02-Oct-24,2024,10,"183,310"
03-Oct-24,2024,10,"182,100"
04-Oct-24,2024,10,"180,950"
05-Oct-24,2024,10,"179,690"
06-Oct-24,2024,10,"178,520"
07-Oct-24,2024,10,"177,340"
08-Oct-24,2024,10,"176,110"
09-Oct-24,2024,10,"174,860"
10-Oct-24,2024,10,"173,640"
11-Oct-24,2024,10,"172,440"
12-Oct-24,2024,10,"171,170"
13-Oct-24,2024,10,"169,930"
14-Oct-24,2024,10,"168,850"
15-Oct-24,2024,10,"167,710"
16-Oct-24,2024,10,"166,550"
17-Oct-24,2024,10,"165,400"
18-Oct-24,2024,10,"164,220"
19-Oct-24,2024,10,"162,910"
20-Oct-24,2024,10,"161,420"
21-Oct-24,2024,10,"160,060"
22-Oct-24,2024,10,"158,750"
23-Oct-24,2024,10,"157,470"
24-Oct-24,2024,10,"156,190"
25-Oct-24,2024,10,"154,940"
26-Oct-24,2024,10,"153,720"
27-Oct-24,2024,10,"152,540"
28-Oct-24,2024,10,"151,440"
29-Oct-24,2024,10,"150,350"
30-Oct-24,2024,10,"149,510"
31-Oct-24,2024,10,"148,800"
01-Nov-24,2024,11,"148,730"
02-Nov-24,2024,11,"149,250"
03-Nov-24,2024,11,"149,800"
04-Nov-24,2024,11,"150,680"
05-Nov-24,2024,11,"151,450"
06-Nov-24,2024,11,"152,210"
07-Nov-24,2024,11,"152,930"
08-Nov-24,2024,11,"153,660"
09-Nov-24,2024,11,"154,370"
10-Nov-24,2024,11,"155,100"
11-Nov-24,2024,11,"155,870"
12-Nov-24,2024,11,"156,660"
13-Nov-24,2024,11,"157,440"
14-Nov-24,2024,11,"158,120"
15-Nov-24,2024,11,"158,790"
16-Nov-24,2024,11,"159,370"
17-Nov-24,2024,11,"159,870"
18-Nov-24,2024,11,"160,140"
19-Nov-24,2024,11,"160,550"
20-Nov-24,2024,11,"160,920"
21-Nov-24,2024,11,"161,240"
22-Nov-24,2024,11,"161,690"
23-Nov-24,2024,11,"162,660"
24-Nov-24,2024,11,"163,360"
25-Nov-24,2024,11,"163,740"
26-Nov-24,2024,11,"164,190"
27-Nov-24,2024,11,"164,590"
28-Nov-24,2024,11,"164,800"
29-Nov-24,2024,11,"165,050"
30-Nov-24,2024,11,"165,570"
01-Dec-24,2024,12,"166,060"
02-Dec-24,2024,12,"166,180"
03-Dec-24,2024,12,"166,450"
04-Dec-24,2024,12,"166,730"
05-Dec-24,2024,12,"166,950"
06-Dec-24,2024,12,"167,160"
07-Dec-24,2024,12,"167,730"
08-Dec-24,2024,12,"168,330"
09-Dec-24,2024,12,"168,660"
10-Dec-24,2024,12,"168,900"
11-Dec-24,2024,12,"169,090"
12-Dec-24,2024,12,"169,460"
13-Dec-24,2024,12,"169,770"
14-Dec-24,2024,12,"170,460"
15-Dec-24,2024,12,"171,050"
16-Dec-24,2024,12,"171,330"
17-Dec-24,2024,12,"171,430"
18-Dec-24,2024,12,"171,650"
19-Dec-24,2024,12,"171,960"
20-Dec-24,2024,12,"172,230"
21-Dec-24,2024,12,"172,760"
22-Dec-24,2024,12,"173,610"
23-Dec-24,2024,12,"173,800"
24-Dec-24,2024,12,"174,270"
25-Dec-24,2024,12,"174,520"
26-Dec-24,2024,12,"174,980"
27-Dec-24,2024,12,"175,730"
28-Dec-24,2024,12,"176,920"
29-Dec-24,2024,12,"178,040"
30-Dec-24,2024,12,"179,250"
31-Dec-24,2024,12,"179,860"
01-Jan-25,2025,1,"180,170"
02-Jan-25,2025,1,"180,430"
03-Jan-25,2025,1,"180,720"
04-Jan-25,2025,1,"181,590"
05-Jan-25,2025,1,"182,350"
06-Jan-25,2025,1,"182,430"
07-Jan-25,2025,1,"182,350"
08-Jan-25,2025,1,"181,830"
09-Jan-25,2025,1,"181,330"
10-Jan-25,2025,1,"180,550"
11-Jan-25,2025,1,"179,680"
12-Jan-25,2025,1,"178,600"
13-Jan-25,2025,1,"177,560"
14-Jan-25,2025,1,"176,640"
15-Jan-25,2025,1,"176,030"
16-Jan-25,2025,1,"175,370"
17-Jan-25,2025,1,"175,170"
18-Jan-25,2025,1,"174,920"
19-Jan-25,2025,1,"175,040"
20-Jan-25,2025,1,"175,040"
21-Jan-25,2025,1,"174,560"
22-Jan-25,2025,1,"174,260"
23-Jan-25,2025,1,"173,900"
24-Jan-25,2025,1,"173,520"
25-Jan-25,2025,1,"173,520"
26-Jan-25,2025,1,"173,560"
27-Jan-25,2025,1,"173,400"
28-Jan-25,2025,1,"173,120"
29-Jan-25,2025,1,"172,800"
30-Jan-25,2025,1,"172,640"
31-Jan-25,2025,1,"172,440"
01-Feb-25,2025,2,"172,860"
02-Feb-25,2025,2,"175,060"
03-Feb-25,2025,2,"175,870"
04-Feb-25,2025,2,"176,660"
05-Feb-25,2025,2,"177,660"
06-Feb-25,2025,2,"178,270"
07-Feb-25,2025,2,"179,830"
08-Feb-25,2025,2,"181,310"
09-Feb-25,2025,2,"182,160"
10-Feb-25,2025,2,"182,200"
11-Feb-25,2025,2,"182,100"
12-Feb-25,2025,2,"181,540"
13-Feb-25,2025,2,"182,160"
14-Feb-25,2025,2,"185,400"
15-Feb-25,2025,2,"186,170"
16-Feb-25,2025,2,"186,200"
17-Feb-25,2025,2,"185,960"
18-Feb-25,2025,2,"185,270"
19-Feb-25,2025,2,"184,470"
20-Feb-25,2025,2,"182,620"
21-Feb-25,2025,2,"180,690"
22-Feb-25,2025,2,"178,740"
23-Feb-25,2025,2,"177,580"
24-Feb-25,2025,2,"175,670"
25-Feb-25,2025,2,"173,560"
26-Feb-25,2025,2,"172,840"
27-Feb-25,2025,2,"172,320"
28-Feb-25,2025,2,"172,010"
01-Mar-25,2025,3,"172,440"
02-Mar-25,2025,3,"173,080"
03-Mar-25,2025,3,"173,280"
04-Mar-25,2025,3,"173,280"
05-Mar-25,2025,3,"173,240"
06-Mar-25,2025,3,"173,150"
07-Mar-25,2025,3,"172,990"
08-Mar-25,2025,3,"173,590"
09-Mar-25,2025,3,"174,150"
10-Mar-25,2025,3,"174,050"
11-Mar-25,2025,3,"173,800"
12-Mar-25,2025,3,"173,680"
13-Mar-25,2025,3,"174,040"
14-Mar-25,2025,3,"174,520"
15-Mar-25,2025,3,"175,670"
16-Mar-25,2025,3,"176,610"
17-Mar-25,2025,3,"178,650"
18-Mar-25,2025,3,"179,920"
19-Mar-25,2025,3,"180,710"
20-Mar-25,2025,3,"180,960"
21-Mar-25,2025,3,"181,140"
22-Mar-25,2025,3,"181,990"
23-Mar-25,2025,3,"183,010"
24-Mar-25,2025,3,"182,830"
25-Mar-25,2025,3,"182,310"
26-Mar-25,2025,3,"181,920"
27-Mar-25,2025,3,"181,550"
28-Mar-25,2025,3,"181,300"
29-Mar-25,2025,3,"182,490"
30-Mar-25,2025,3,"183,680"
31-Mar-25,2025,3,"183,950"
01-Apr-25,2025,4,"184,830"
02-Apr-25,2025,4,"185,230"
03-Apr-25,2025,4,"184,560"
04-Apr-25,2025,4,"183,950"
05-Apr-25,2025,4,"185,500"
06-Apr-25,2025,4,"186,980"
07-Apr-25,2025,4,"186,550"
08-Apr-25,2025,4,"185,400"
09-Apr-25,2025,4,"184,290"
10-Apr-25,2025,4,"183,220"
11-Apr-25,2025,4,"182,490"
12-Apr-25,2025,4,"183,930"
13-Apr-25,2025,4,"185,290"
14-Apr-25,2025,4,"184,540"
15-Apr-25,2025,4,"182,990"
16-Apr-25,2025,4,"181,480"
17-Apr-25,2025,4,"179,890"
18-Apr-25,2025,4,"178,600"
19-Apr-25,2025,4,"179,440"
20-Apr-25,2025,4,"180,340"
21-Apr-25,2025,4,"180,470"
22-Apr-25,2025,4,"179,970"
23-Apr-25,2025,4,"179,420"
24-Apr-25,2025,4,"178,920"
25-Apr-25,2025,4,"179,030"
26-Apr-25,2025,4,"181,040"
27-Apr-25,2025,4,"183,330"
28-Apr-25,2025,4,"184,810"
29-Apr-25,2025,4,"186,240"
30-Apr-25,2025,4,"187,740"
01-May-25,2025,5,"189,240"
02-May-25,2025,5,"191,120"
03-May-25,2025,5,"194,590"
04-May-25,2025,5,"195,990"
05-May-25,2025,5,"196,360"
06-May-25,2025,5,"196,470"
07-May-25,2025,5,"196,580"
08-May-25,2025,5,"197,260"
09-May-25,2025,5,"197,580"
10-May-25,2025,5,"196,340"
11-May-25,2025,5,"195,060"
12-May-25,2025,5,"194,280"
13-May-25,2025,5,"193,400"
14-May-25,2025,5,"192,150"
15-May-25,2025,5,"190,910"
16-May-25,2025,5,"189,900"
17-May-25,2025,5,"191,210"
18-May-25,2025,5,"192,470"
19-May-25,2025,5,"192,950"
20-May-25,2025,5,"193,380"
21-May-25,2025,5,"193,790"
22-May-25,2025,5,"194,260"
23-May-25,2025,5,"194,970"
24-May-25,2025,5,"196,360"
25-May-25,2025,5,"197,650"
26-May-25,2025,5,"198,940"
27-May-25,2025,5,"199,550"
28-May-25,2025,5,"199,660"
29-May-25,2025,5,"199,550"
30-May-25,2025,5,"199,550"
31-May-25,2025,5,"200,260"
01-Jun-25,2025,6,"201,380"
02-Jun-25,2025,6,"201,250"
03-Jun-25,2025,6,"200,040"
04-Jun-25,2025,6,"199,600"
05-Jun-25,2025,6,"199,310"
06-Jun-25,2025,6,"199,250"
07-Jun-25,2025,6,"200,130"
08-Jun-25,2025,6,"200,960"
09-Jun-25,2025,6,"201,300"
10-Jun-25,2025,6,"201,560"
11-Jun-25,2025,6,"201,780"
12-Jun-25,2025,6,"202,090"
13-Jun-25,2025,6,"202,380"
14-Jun-25,2025,6,"202,650"
15-Jun-25,2025,6,"202,430"
16-Jun-25,2025,6,"201,980"
17-Jun-25,2025,6,"201,470"
18-Jun-25,2025,6,"200,990"
19-Jun-25,2025,6,"200,460"
20-Jun-25,2025,6,"199,860"
21-Jun-25,2025,6,"199,690"
22-Jun-25,2025,6,"200,040"
23-Jun-25,2025,6,"200,130"
24-Jun-25,2025,6,"200,060"
25-Jun-25,2025,6,"199,770"
26-Jun-25,2025,6,"199,470"
27-Jun-25,2025,6,"199,070"
28-Jun-25,2025,6,"199,510"
29-Jun-25,2025,6,"199,730"
30-Jun-25,2025,6,"199,490"
01-Jul-25,2025,7,"199,200"
02-Jul-25,2025,7,"198,920"
03-Jul-25,2025,7,"198,760"
04-Jul-25,2025,7,"199,010"
05-Jul-25,2025,7,"199,420"
06-Jul-25,2025,7,"199,860"
07-Jul-25,2025,7,"199,840"
08-Jul-25,2025,7,"199,820"
09-Jul-25,2025,7,"199,860"
10-Jul-25,2025,7,"199,820"
11-Jul-25,2025,7,"199,800"
12-Jul-25,2025,7,"200,190"
13-Jul-25,2025,7,"200,610"
14-Jul-25,2025,7,"200,960"
15-Jul-25,2025,7,"201,250"
16-Jul-25,2025,7,"201,560"
17-Jul-25,2025,7,"201,920"
18-Jul-25,2025,7,"202,340"
19-Jul-25,2025,7,"202,670"
20-Jul-25,2025,7,"202,980"
21-Jul-25,2025,7,"203,300"
22-Jul-25,2025,7,"203,340"
23-Jul-25,2025,7,"203,340"
24-Jul-25,2025,7,"203,390"
25-Jul-25,2025,7,"203,340"
26-Jul-25,2025,7,"203,700"
27-Jul-25,2025,7,"204,180"
28-Jul-25,2025,7,"204,180"
29-Jul-25,2025,7,"203,860"
30-Jul-25,2025,7,"203,770"
31-Jul-25,2025,7,"203,840"
01-Aug-25,2025,8,"203,680"
02-Aug-25,2025,8,"203,750"
03-Aug-25,2025,8,"203,500"
04-Aug-25,2025,8,"203,280"
05-Aug-25,2025,8,"202,940"
06-Aug-25,2025,8,"202,600"
07-Aug-25,2025,8,"202,340"
08-Aug-25,2025,8,"202,000"
09-Aug-25,2025,8,"201,580"
10-Aug-25,2025,8,"200,960"
11-Aug-25,2025,8,"200,080"
12-Aug-25,2025,8,"199,140"
13-Aug-25,2025,8,"198,170"
14-Aug-25,2025,8,"197,410"
15-Aug-25,2025,8,"197,080"
16-Aug-25,2025,8,"196,910"
17-Aug-25,2025,8,"197,470"
18-Aug-25,2025,8,"197,470"
19-Aug-25,2025,8,"197,390"
20-Aug-25,2025,8,"197,320"
21-Aug-25,2025,8,"197,320"
22-Aug-25,2025,8,"196,910"
23-Aug-25,2025,8,"197,060"
24-Aug-25,2025,8,"197,210"
25-Aug-25,2025,8,"197,100"
26-Aug-25,2025,8,"197,000"
27-Aug-25,2025,8,"196,840"
28-Aug-25,2025,8,"196,730"
29-Aug-25,2025,8,"196,520"
30-Aug-25,2025,8,"196,730"
31-Aug-25,2025,8,"196,600"
01-Sep-25,2025,9,"196,520"
02-Sep-25,2025,9,"196,360"
03-Sep-25,2025,9,"196,800"
04-Sep-25,2025,9,"196,730"
05-Sep-25,2025,9,"196,650"
06-Sep-25,2025,9,"196,560"
07-Sep-25,2025,9,"196,450"
08-Sep-25,2025,9,"196,280"
09-Sep-25,2025,9,"196,170"
10-Sep-25,2025,9,"195,910"
11-Sep-25,2025,9,"195,800"
12-Sep-25,2025,9,"195,690"
13-Sep-25,2025,9,"195,690"
14-Sep-25,2025,9,"195,840"
15-Sep-25,2025,9,"195,760"
16-Sep-25,2025,9,"195,710"
17-Sep-25,2025,9,"195,600"
18-Sep-25,2025,9,"195,410"
19-Sep-25,2025,9,"195,260"
20-Sep-25,2025,9,"195,100"
21-Sep-25,2025,9,"195,020"
22-Sep-25,2025,9,"195,020"
23-Sep-25,2025,9,"194,930"
24-Sep-25,2025,9,"194,890"
25-Sep-25,2025,9,"194,800"
26-Sep-25,2025,9,"194,740"
27-Sep-25,2025,9,"194,800"
28-Sep-25,2025,9,"194,760"
29-Sep-25,2025,9,"194,650"
30-Sep-25,2025,9,"194,560"
01-Oct-25,2025,10,"193,890"
02-Oct-25,2025,10,"193,420"
03-Oct-25,2025,10,"192,950"
04-Oct-25,2025,10,"192,770"
05-Oct-25,2025,10,"193,140"
06-Oct-25,2025,10,"192,770"
07-Oct-25,2025,10,"192,090"
08-Oct-25,2025,10,"191,440"
09-Oct-25,2025,10,"191,190"
10-Oct-25,2025,10,"190,630"
11-Oct-25,2025,10,"190,860"
12-Oct-25,2025,10,"191,100"
13-Oct-25,2025,10,"190,180"
14-Oct-25,2025,10,"188,630"
15-Oct-25,2025,10,"187,360"
16-Oct-25,2025,10,"186,090"
17-Oct-25,2025,10,"185,040"
18-Oct-25,2025,10,"184,770"
19-Oct-25,2025,10,"184,790"
20-Oct-25,2025,10,"183,950"
21-Oct-25,2025,10,"182,910"
22-Oct-25,2025,10,"183,080"
23-Oct-25,2025,10,"183,160"
24-Oct-25,2025,10,"183,350"
25-Oct-25,2025,10,"184,060"
26-Oct-25,2025,10,"184,790"
27-Oct-25,2025,10,"185,040"
28-Oct-25,2025,10,"184,450"
29-Oct-25,2025,10,"184,270"
30-Oct-25,2025,10,"184,540"
31-Oct-25,2025,10,"184,890"
01-Nov-25,2025,11,"185,520"
